#
# There is insufficient memory for the Java Runtime Environment to continue.
# Native memory allocation (mmap) failed to map 140509184 bytes. Error detail: G1 virtual space
# Possible reasons:
#   The system is out of physical RAM or swap space
#   This process is running with CompressedOops enabled, and the Java Heap may be blocking the growth of the native heap
# Possible solutions:
#   Reduce memory load on the system
#   Increase physical memory or swap space
#   Check if swap backing store is full
#   Decrease Java heap size (-Xmx/-Xms)
#   Decrease number of Java threads
#   Decrease Java thread stack sizes (-Xss)
#   Set larger code cache with -XX:ReservedCodeCacheSize=
#   JVM is running with Unscaled Compressed Oops mode in which the Java heap is
#     placed in the first 4GB address space. The Java Heap base address is the
#     maximum limit for the native heap growth. Please use -XX:HeapBaseMinAddress
#     to set the Java Heap base and to place the Java Heap above 4GB virtual address.
# This output file may be truncated or incomplete.
#
#  Out of Memory Error (os_windows.cpp:3618), pid=18300, tid=20684
#
# JRE version: OpenJDK Runtime Environment Temurin-17.0.18+8 (17.0.18+8) (build 17.0.18+8)
# Java VM: OpenJDK 64-Bit Server VM Temurin-17.0.18+8 (17.0.18+8, mixed mode, sharing, tiered, compressed oops, compressed class ptrs, g1 gc, windows-amd64)
# No core dump will be written. Minidumps are not enabled by default on client versions of Windows
#

---------------  S U M M A R Y ------------

Command Line: --module-path=C:\Users\STAR\.m2\repository\org\openjfx\javafx-base\21.0.2\javafx-base-21.0.2-win.jar;C:\Users\STAR\.m2\repository\org\openjfx\javafx-base\21.0.2\javafx-base-21.0.2.jar;C:\Users\STAR\.m2\repository\org\openjfx\javafx-controls\21.0.2\javafx-controls-21.0.2-win.jar;C:\Users\STAR\.m2\repository\org\openjfx\javafx-controls\21.0.2\javafx-controls-21.0.2.jar;C:\Users\STAR\.m2\repository\org\openjfx\javafx-fxml\21.0.2\javafx-fxml-21.0.2-win.jar;C:\Users\STAR\.m2\repository\org\openjfx\javafx-fxml\21.0.2\javafx-fxml-21.0.2.jar;C:\Users\STAR\.m2\repository\org\openjfx\javafx-graphics\21.0.2\javafx-graphics-21.0.2-win.jar;C:\Users\STAR\.m2\repository\org\openjfx\javafx-graphics\21.0.2\javafx-graphics-21.0.2.jar;C:\Users\STAR\.m2\repository\org\openjfx\javafx-swing\21.0.2\javafx-swing-21.0.2-win.jar;C:\Users\STAR\.m2\repository\org\openjfx\javafx-swing\21.0.2\javafx-swing-21.0.2.jar --add-modules=javafx.base,javafx.controls,javafx.fxml,javafx.graphics,javafx.swing rehla.MainFx

Host: 11th Gen Intel(R) Core(TM) i5-1135G7 @ 2.40GHz, 8 cores, 7G,  Windows 10 , 64 bit Build 19041 (10.0.19041.5915)
Time: Mon May 11 23:12:22 2026 Europe de l , 64 bit Build 19041 (10.0.19041.5915) elapsed time: 172.145890 seconds (0d 0h 2m 52s)

---------------  T H R E A D  ---------------

Current thread (0x000001a6595564c0):  VMThread "VM Thread" [stack: 0x00000095cdf00000,0x00000095ce000000] [id=20684]

Stack: [0x00000095cdf00000,0x00000095ce000000]
Native frames: (J=compiled Java code, j=interpreted, Vv=VM code, C=native code)
V  [jvm.dll+0x6846f9]
V  [jvm.dll+0x839ea5]
V  [jvm.dll+0x83b91e]
V  [jvm.dll+0x83bfa3]
V  [jvm.dll+0x248eff]
V  [jvm.dll+0x6814b9]
V  [jvm.dll+0x6762ba]
V  [jvm.dll+0x309257]
V  [jvm.dll+0x310826]
V  [jvm.dll+0x360d9e]
V  [jvm.dll+0x360fdd]
V  [jvm.dll+0x2e02dc]
V  [jvm.dll+0x2e3366]
V  [jvm.dll+0x2edaa4]
V  [jvm.dll+0x320d5d]
V  [jvm.dll+0x8407bd]
V  [jvm.dll+0x8414f3]
V  [jvm.dll+0x841a1f]
V  [jvm.dll+0x841e05]
V  [jvm.dll+0x841ece]
V  [jvm.dll+0x7eaaec]
V  [jvm.dll+0x6835c7]
C  [ucrtbase.dll+0x21bb2]
C  [KERNEL32.DLL+0x17374]
C  [ntdll.dll+0x4cc91]

VM_Operation (0x00000095cdbff6c0): G1PauseRemark, mode: safepoint, requested by thread 0x000001a63b2d28e0


---------------  P R O C E S S  ---------------

Threads class SMR info:
_java_thread_list=0x000001a6a8cfa970, length=21, elements={
0x000001a63b26a400, 0x000001a65955c1a0, 0x000001a65955d500, 0x000001a659571f40,
0x000001a659572b00, 0x000001a6595758e0, 0x000001a659576a40, 0x000001a659577f80,
0x000001a659582ed0, 0x000001a659580de0, 0x000001a6597b62e0, 0x000001a6597b67f0,
0x000001a6597b6d00, 0x000001a6597b7c30, 0x000001a6597b53b0, 0x000001a6597b8140,
0x000001a6597b7210, 0x000001a6597b7720, 0x000001a6597b8650, 0x000001a6597b58c0,
0x000001a6597b4ea0
}

Java Threads: ( => current thread )
  0x000001a63b26a400 JavaThread "main" [_thread_blocked, id=1632, stack(0x00000095cd900000,0x00000095cda00000)]
  0x000001a65955c1a0 JavaThread "Reference Handler" daemon [_thread_blocked, id=13932, stack(0x00000095ce000000,0x00000095ce100000)]
  0x000001a65955d500 JavaThread "Finalizer" daemon [_thread_blocked, id=18668, stack(0x00000095ce100000,0x00000095ce200000)]
  0x000001a659571f40 JavaThread "Signal Dispatcher" daemon [_thread_blocked, id=5384, stack(0x00000095ce200000,0x00000095ce300000)]
  0x000001a659572b00 JavaThread "Attach Listener" daemon [_thread_blocked, id=5844, stack(0x00000095ce300000,0x00000095ce400000)]
  0x000001a6595758e0 JavaThread "Service Thread" daemon [_thread_blocked, id=13512, stack(0x00000095ce400000,0x00000095ce500000)]
  0x000001a659576a40 JavaThread "Monitor Deflation Thread" daemon [_thread_blocked, id=17528, stack(0x00000095ce500000,0x00000095ce600000)]
  0x000001a659577f80 JavaThread "C2 CompilerThread0" daemon [_thread_blocked, id=11896, stack(0x00000095ce600000,0x00000095ce700000)]
  0x000001a659582ed0 JavaThread "C1 CompilerThread0" daemon [_thread_blocked, id=17144, stack(0x00000095ce700000,0x00000095ce800000)]
  0x000001a659580de0 JavaThread "Sweeper thread" daemon [_thread_blocked, id=2776, stack(0x00000095ce800000,0x00000095ce900000)]
  0x000001a6597b62e0 JavaThread "Common-Cleaner" daemon [_thread_blocked, id=2428, stack(0x00000095ce900000,0x00000095cea00000)]
  0x000001a6597b67f0 JavaThread "Notification Thread" daemon [_thread_blocked, id=18188, stack(0x00000095ceb00000,0x00000095cec00000)]
  0x000001a6597b6d00 JavaThread "QuantumRenderer-0" daemon [_thread_blocked, id=19704, stack(0x00000095ced00000,0x00000095cee00000)]
  0x000001a6597b7c30 JavaThread "InvokeLaterDispatcher" daemon [_thread_blocked, id=19804, stack(0x00000095cee00000,0x00000095cef00000)]
  0x000001a6597b53b0 JavaThread "JavaFX Application Thread" [_thread_blocked, id=11064, stack(0x00000095cef00000,0x00000095cf000000)]
  0x000001a6597b8140 JavaThread "JavaFX-Launcher" [_thread_blocked, id=15248, stack(0x00000095cf400000,0x00000095cf500000)]
  0x000001a6597b7210 JavaThread "Thread-2" daemon [_thread_blocked, id=20424, stack(0x00000095cf300000,0x00000095cf400000)]
  0x000001a6597b7720 JavaThread "mysql-cj-abandoned-connection-cleanup" daemon [_thread_blocked, id=3664, stack(0x00000095cfa00000,0x00000095cfb00000)]
  0x000001a6597b8650 JavaThread "pool-2-thread-1" [_thread_blocked, id=17872, stack(0x00000095cfb00000,0x00000095cfc00000)]
  0x000001a6597b58c0 JavaThread "Prism Font Disposer" daemon [_thread_blocked, id=15056, stack(0x00000095d0300000,0x00000095d0400000)]
  0x000001a6597b4ea0 JavaThread "Cleaner-0" daemon [_thread_blocked, id=20672, stack(0x00000095cea00000,0x00000095ceb00000)]

Other Threads:
=>0x000001a6595564c0 VMThread "VM Thread" [stack: 0x00000095cdf00000,0x00000095ce000000] [id=20684]
  0x000001a63b26b110 WatcherThread [stack: 0x00000095cec00000,0x00000095ced00000] [id=14984]
  0x000001a63b2c2130 GCTaskThread "GC Thread#0" [stack: 0x00000095cda00000,0x00000095cdb00000] [id=7584]
  0x000001a69f695c30 GCTaskThread "GC Thread#1" [stack: 0x00000095cf500000,0x00000095cf600000] [id=17180]
  0x000001a69f736460 GCTaskThread "GC Thread#2" [stack: 0x00000095cf600000,0x00000095cf700000] [id=4172]
  0x000001a69f736720 GCTaskThread "GC Thread#3" [stack: 0x00000095cf700000,0x00000095cf800000] [id=12784]
  0x000001a69f63ccd0 GCTaskThread "GC Thread#4" [stack: 0x00000095cf800000,0x00000095cf900000] [id=20408]
  0x000001a69f63cf90 GCTaskThread "GC Thread#5" [stack: 0x00000095cf900000,0x00000095cfa00000] [id=2564]
  0x000001a6a4e64230 GCTaskThread "GC Thread#6" [stack: 0x00000095cfc00000,0x00000095cfd00000] [id=16908]
  0x000001a6a4e644f0 GCTaskThread "GC Thread#7" [stack: 0x00000095cfd00000,0x00000095cfe00000] [id=19532]
  0x000001a63b2d28e0 ConcurrentGCThread "G1 Main Marker" [stack: 0x00000095cdb00000,0x00000095cdc00000] [id=19760]
  0x000001a63b2d3940 ConcurrentGCThread "G1 Conc#0" [stack: 0x00000095cdc00000,0x00000095cdd00000] [id=14232]
  0x000001a6a5590130 ConcurrentGCThread "G1 Conc#1" [stack: 0x00000095cff00000,0x00000095d0000000] [id=10656]
  0x000001a6594120d0 ConcurrentGCThread "G1 Refine#0" [stack: 0x00000095cdd00000,0x00000095cde00000] [id=20260]
  0x000001a6594127b0 ConcurrentGCThread "G1 Service" [stack: 0x00000095cde00000,0x00000095cdf00000] [id=21412]

Threads with active compile tasks:

VM state: at safepoint (normal execution)

VM Mutex/Monitor currently owned by a thread:  ([mutex/lock_event])
[0x000001a63b265790] Threads_lock - owner thread: 0x000001a6595564c0
[0x000001a63b264d70] Heap_lock - owner thread: 0x000001a63b2d28e0

Heap address: 0x0000000083200000, size: 1998 MB, Compressed Oops mode: 32-bit

CDS archive(s) mapped at: [0x000001a65a000000-0x000001a65abb0000-0x000001a65abb0000), size 12255232, SharedBaseAddress: 0x000001a65a000000, ArchiveRelocationMode: 1.
Compressed class space mapped at: 0x000001a65b000000-0x000001a69b000000, reserved size: 1073741824
Narrow klass base: 0x000001a65a000000, Narrow klass shift: 0, Narrow klass range: 0x100000000

GC Precious Log:
 CPUs: 8 total, 8 available
 Memory: 7991M
 Large Page Support: Disabled
 NUMA Support: Disabled
 Compressed Oops: Enabled (32-bit)
 Heap Region Size: 1M
 Heap Min Capacity: 8M
 Heap Initial Capacity: 126M
 Heap Max Capacity: 1998M
 Pre-touch: Disabled
 Parallel Workers: 8
 Concurrent Workers: 2
 Concurrent Refinement Workers: 8
 Periodic GC: Disabled

Heap:
 garbage-first heap   total 455680K, used 353654K [0x0000000083200000, 0x0000000100000000)
  region size 1024K, 5 young (5120K), 4 survivors (4096K)
 Metaspace       used 32930K, committed 33280K, reserved 1114112K
  class space    used 4098K, committed 4288K, reserved 1048576K

Heap Regions: E=young(eden), S=young(survivor), O=old, HS=humongous(starts), HC=humongous(continues), CS=collection set, F=free, OA=open archive, CA=closed archive, TAMS=top-at-mark-start (previous, next)
|   0|0x0000000083200000, 0x0000000083300000, 0x0000000083300000|100%|HS|  |TAMS 0x0000000083300000, 0x0000000083200000| Complete 
|   1|0x0000000083300000, 0x0000000083400000, 0x0000000083400000|100%| O|  |TAMS 0x0000000083400000, 0x0000000083300000| Untracked 
|   2|0x0000000083400000, 0x0000000083500000, 0x0000000083500000|100%| O|  |TAMS 0x0000000083500000, 0x0000000083400000| Untracked 
|   3|0x0000000083500000, 0x0000000083600000, 0x0000000083600000|100%| O|  |TAMS 0x0000000083600000, 0x0000000083500000| Untracked 
|   4|0x0000000083600000, 0x0000000083700000, 0x0000000083700000|100%| O|  |TAMS 0x0000000083700000, 0x0000000083600000| Untracked 
|   5|0x0000000083700000, 0x0000000083800000, 0x0000000083800000|100%| O|  |TAMS 0x0000000083800000, 0x0000000083700000| Untracked 
|   6|0x0000000083800000, 0x0000000083900000, 0x0000000083900000|100%| O|  |TAMS 0x0000000083900000, 0x0000000083800000| Untracked 
|   7|0x0000000083900000, 0x0000000083a00000, 0x0000000083a00000|100%|HS|  |TAMS 0x0000000083a00000, 0x0000000083900000| Complete 
|   8|0x0000000083a00000, 0x0000000083b00000, 0x0000000083b00000|100%|HC|  |TAMS 0x0000000083b00000, 0x0000000083a00000| Complete 
|   9|0x0000000083b00000, 0x0000000083c00000, 0x0000000083c00000|100%|HC|  |TAMS 0x0000000083c00000, 0x0000000083b00000| Complete 
|  10|0x0000000083c00000, 0x0000000083d00000, 0x0000000083d00000|100%|HS|  |TAMS 0x0000000083d00000, 0x0000000083c00000| Complete 
|  11|0x0000000083d00000, 0x0000000083e00000, 0x0000000083e00000|100%|HC|  |TAMS 0x0000000083e00000, 0x0000000083d00000| Complete 
|  12|0x0000000083e00000, 0x0000000083f00000, 0x0000000083f00000|100%|HC|  |TAMS 0x0000000083f00000, 0x0000000083e00000| Complete 
|  13|0x0000000083f00000, 0x0000000083f00000, 0x0000000084000000|  0%| F|  |TAMS 0x0000000083f00000, 0x0000000083f00000| Untracked 
|  14|0x0000000084000000, 0x0000000084100000, 0x0000000084100000|100%| O|  |TAMS 0x0000000084100000, 0x0000000084000000| Updating 
|  15|0x0000000084100000, 0x0000000084200000, 0x0000000084200000|100%| O|  |TAMS 0x0000000084200000, 0x0000000084100000| Updating 
|  16|0x0000000084200000, 0x0000000084200000, 0x0000000084300000|  0%| F|  |TAMS 0x0000000084200000, 0x0000000084200000| Untracked 
|  17|0x0000000084300000, 0x0000000084400000, 0x0000000084400000|100%|HS|  |TAMS 0x0000000084400000, 0x0000000084300000| Complete 
|  18|0x0000000084400000, 0x0000000084500000, 0x0000000084500000|100%|HC|  |TAMS 0x0000000084500000, 0x0000000084400000| Complete 
|  19|0x0000000084500000, 0x0000000084500000, 0x0000000084600000|  0%| F|  |TAMS 0x0000000084500000, 0x0000000084500000| Untracked 
|  20|0x0000000084600000, 0x0000000084700000, 0x0000000084700000|100%|HS|  |TAMS 0x0000000084700000, 0x0000000084600000| Complete 
|  21|0x0000000084700000, 0x0000000084800000, 0x0000000084800000|100%|HC|  |TAMS 0x0000000084800000, 0x0000000084700000| Complete 
|  22|0x0000000084800000, 0x0000000084900000, 0x0000000084900000|100%|HC|  |TAMS 0x0000000084900000, 0x0000000084800000| Complete 
|  23|0x0000000084900000, 0x0000000084a00000, 0x0000000084a00000|100%|HS|  |TAMS 0x0000000084a00000, 0x0000000084900000| Complete 
|  24|0x0000000084a00000, 0x0000000084b00000, 0x0000000084b00000|100%|HC|  |TAMS 0x0000000084b00000, 0x0000000084a00000| Complete 
|  25|0x0000000084b00000, 0x0000000084c00000, 0x0000000084c00000|100%|HS|  |TAMS 0x0000000084c00000, 0x0000000084b00000| Complete 
|  26|0x0000000084c00000, 0x0000000084d00000, 0x0000000084d00000|100%|HC|  |TAMS 0x0000000084d00000, 0x0000000084c00000| Complete 
|  27|0x0000000084d00000, 0x0000000084e00000, 0x0000000084e00000|100%|HC|  |TAMS 0x0000000084e00000, 0x0000000084d00000| Complete 
|  28|0x0000000084e00000, 0x0000000084f00000, 0x0000000084f00000|100%|HS|  |TAMS 0x0000000084f00000, 0x0000000084e00000| Complete 
|  29|0x0000000084f00000, 0x0000000085000000, 0x0000000085000000|100%|HC|  |TAMS 0x0000000085000000, 0x0000000084f00000| Complete 
|  30|0x0000000085000000, 0x0000000085100000, 0x0000000085100000|100%|HC|  |TAMS 0x0000000085100000, 0x0000000085000000| Complete 
|  31|0x0000000085100000, 0x0000000085200000, 0x0000000085200000|100%|HS|  |TAMS 0x0000000085200000, 0x0000000085100000| Complete 
|  32|0x0000000085200000, 0x0000000085300000, 0x0000000085300000|100%|HC|  |TAMS 0x0000000085300000, 0x0000000085200000| Complete 
|  33|0x0000000085300000, 0x0000000085400000, 0x0000000085400000|100%|HC|  |TAMS 0x0000000085400000, 0x0000000085300000| Complete 
|  34|0x0000000085400000, 0x0000000085500000, 0x0000000085500000|100%|HS|  |TAMS 0x0000000085500000, 0x0000000085400000| Complete 
|  35|0x0000000085500000, 0x0000000085600000, 0x0000000085600000|100%|HC|  |TAMS 0x0000000085600000, 0x0000000085500000| Complete 
|  36|0x0000000085600000, 0x0000000085700000, 0x0000000085700000|100%|HS|  |TAMS 0x0000000085700000, 0x0000000085600000| Complete 
|  37|0x0000000085700000, 0x0000000085800000, 0x0000000085800000|100%|HC|  |TAMS 0x0000000085800000, 0x0000000085700000| Complete 
|  38|0x0000000085800000, 0x0000000085900000, 0x0000000085900000|100%| O|  |TAMS 0x0000000085900000, 0x0000000085800000| Updating 
|  39|0x0000000085900000, 0x0000000085a00000, 0x0000000085a00000|100%|HS|  |TAMS 0x0000000085a00000, 0x0000000085900000| Complete 
|  40|0x0000000085a00000, 0x0000000085a00000, 0x0000000085b00000|  0%| F|  |TAMS 0x0000000085a00000, 0x0000000085a00000| Untracked 
|  41|0x0000000085b00000, 0x0000000085c00000, 0x0000000085c00000|100%| O|  |TAMS 0x0000000085c00000, 0x0000000085b00000| Updating 
|  42|0x0000000085c00000, 0x0000000085d00000, 0x0000000085d00000|100%|HS|  |TAMS 0x0000000085d00000, 0x0000000085c00000| Complete 
|  43|0x0000000085d00000, 0x0000000085e00000, 0x0000000085e00000|100%|HC|  |TAMS 0x0000000085e00000, 0x0000000085d00000| Complete 
|  44|0x0000000085e00000, 0x0000000085f00000, 0x0000000085f00000|100%|HS|  |TAMS 0x0000000085f00000, 0x0000000085e00000| Complete 
|  45|0x0000000085f00000, 0x0000000086000000, 0x0000000086000000|100%|HC|  |TAMS 0x0000000086000000, 0x0000000085f00000| Complete 
|  46|0x0000000086000000, 0x0000000086000000, 0x0000000086100000|  0%| F|  |TAMS 0x0000000086000000, 0x0000000086000000| Untracked 
|  47|0x0000000086100000, 0x0000000086200000, 0x0000000086200000|100%| O|  |TAMS 0x0000000086200000, 0x0000000086100000| Updating 
|  48|0x0000000086200000, 0x0000000086300000, 0x0000000086300000|100%|HS|  |TAMS 0x0000000086300000, 0x0000000086200000| Complete 
|  49|0x0000000086300000, 0x0000000086400000, 0x0000000086400000|100%|HC|  |TAMS 0x0000000086400000, 0x0000000086300000| Complete 
|  50|0x0000000086400000, 0x0000000086500000, 0x0000000086500000|100%|HS|  |TAMS 0x0000000086500000, 0x0000000086400000| Complete 
|  51|0x0000000086500000, 0x0000000086600000, 0x0000000086600000|100%|HC|  |TAMS 0x0000000086600000, 0x0000000086500000| Complete 
|  52|0x0000000086600000, 0x0000000086600000, 0x0000000086700000|  0%| F|  |TAMS 0x0000000086600000, 0x0000000086600000| Untracked 
|  53|0x0000000086700000, 0x0000000086800000, 0x0000000086800000|100%|HS|  |TAMS 0x0000000086800000, 0x0000000086700000| Complete 
|  54|0x0000000086800000, 0x0000000086900000, 0x0000000086900000|100%|HC|  |TAMS 0x0000000086900000, 0x0000000086800000| Complete 
|  55|0x0000000086900000, 0x0000000086a00000, 0x0000000086a00000|100%|HC|  |TAMS 0x0000000086a00000, 0x0000000086900000| Complete 
|  56|0x0000000086a00000, 0x0000000086b00000, 0x0000000086b00000|100%|HC|  |TAMS 0x0000000086b00000, 0x0000000086a00000| Complete 
|  57|0x0000000086b00000, 0x0000000086c00000, 0x0000000086c00000|100%|HC|  |TAMS 0x0000000086c00000, 0x0000000086b00000| Complete 
|  58|0x0000000086c00000, 0x0000000086d00000, 0x0000000086d00000|100%|HC|  |TAMS 0x0000000086d00000, 0x0000000086c00000| Complete 
|  59|0x0000000086d00000, 0x0000000086e00000, 0x0000000086e00000|100%|HC|  |TAMS 0x0000000086e00000, 0x0000000086d00000| Complete 
|  60|0x0000000086e00000, 0x0000000086f00000, 0x0000000086f00000|100%|HC|  |TAMS 0x0000000086f00000, 0x0000000086e00000| Complete 
|  61|0x0000000086f00000, 0x0000000087000000, 0x0000000087000000|100%|HC|  |TAMS 0x0000000087000000, 0x0000000086f00000| Complete 
|  62|0x0000000087000000, 0x0000000087100000, 0x0000000087100000|100%|HC|  |TAMS 0x0000000087100000, 0x0000000087000000| Complete 
|  63|0x0000000087100000, 0x0000000087200000, 0x0000000087200000|100%|HC|  |TAMS 0x0000000087200000, 0x0000000087100000| Complete 
|  64|0x0000000087200000, 0x0000000087300000, 0x0000000087300000|100%|HC|  |TAMS 0x0000000087300000, 0x0000000087200000| Complete 
|  65|0x0000000087300000, 0x0000000087400000, 0x0000000087400000|100%|HC|  |TAMS 0x0000000087400000, 0x0000000087300000| Complete 
|  66|0x0000000087400000, 0x0000000087500000, 0x0000000087500000|100%|HC|  |TAMS 0x0000000087500000, 0x0000000087400000| Complete 
|  67|0x0000000087500000, 0x0000000087600000, 0x0000000087600000|100%|HC|  |TAMS 0x0000000087600000, 0x0000000087500000| Complete 
|  68|0x0000000087600000, 0x0000000087700000, 0x0000000087700000|100%|HC|  |TAMS 0x0000000087700000, 0x0000000087600000| Complete 
|  69|0x0000000087700000, 0x0000000087800000, 0x0000000087800000|100%|HC|  |TAMS 0x0000000087800000, 0x0000000087700000| Complete 
|  70|0x0000000087800000, 0x0000000087900000, 0x0000000087900000|100%|HC|  |TAMS 0x0000000087900000, 0x0000000087800000| Complete 
|  71|0x0000000087900000, 0x0000000087a00000, 0x0000000087a00000|100%|HC|  |TAMS 0x0000000087a00000, 0x0000000087900000| Complete 
|  72|0x0000000087a00000, 0x0000000087b00000, 0x0000000087b00000|100%|HC|  |TAMS 0x0000000087b00000, 0x0000000087a00000| Complete 
|  73|0x0000000087b00000, 0x0000000087c00000, 0x0000000087c00000|100%|HC|  |TAMS 0x0000000087c00000, 0x0000000087b00000| Complete 
|  74|0x0000000087c00000, 0x0000000087d00000, 0x0000000087d00000|100%|HC|  |TAMS 0x0000000087d00000, 0x0000000087c00000| Complete 
|  75|0x0000000087d00000, 0x0000000087e00000, 0x0000000087e00000|100%|HC|  |TAMS 0x0000000087e00000, 0x0000000087d00000| Complete 
|  76|0x0000000087e00000, 0x0000000087f00000, 0x0000000087f00000|100%| O|  |TAMS 0x0000000087f00000, 0x0000000087e00000| Untracked 
|  77|0x0000000087f00000, 0x0000000088000000, 0x0000000088000000|100%| O|  |TAMS 0x0000000088000000, 0x0000000087f00000| Updating 
|  78|0x0000000088000000, 0x0000000088100000, 0x0000000088100000|100%| O|  |TAMS 0x0000000088100000, 0x0000000088000000| Untracked 
|  79|0x0000000088100000, 0x0000000088200000, 0x0000000088200000|100%| O|  |TAMS 0x0000000088200000, 0x0000000088100000| Untracked 
|  80|0x0000000088200000, 0x0000000088300000, 0x0000000088300000|100%|HS|  |TAMS 0x0000000088300000, 0x0000000088200000| Complete 
|  81|0x0000000088300000, 0x0000000088400000, 0x0000000088400000|100%|HC|  |TAMS 0x0000000088400000, 0x0000000088300000| Complete 
|  82|0x0000000088400000, 0x0000000088500000, 0x0000000088500000|100%|HS|  |TAMS 0x0000000088500000, 0x0000000088400000| Complete 
|  83|0x0000000088500000, 0x0000000088600000, 0x0000000088600000|100%| O|  |TAMS 0x0000000088600000, 0x0000000088500000| Updating 
|  84|0x0000000088600000, 0x0000000088700000, 0x0000000088700000|100%| O|  |TAMS 0x0000000088700000, 0x0000000088600000| Updating 
|  85|0x0000000088700000, 0x0000000088800000, 0x0000000088800000|100%| O|  |TAMS 0x0000000088800000, 0x0000000088700000| Updating 
|  86|0x0000000088800000, 0x0000000088900000, 0x0000000088900000|100%| O|  |TAMS 0x0000000088900000, 0x0000000088800000| Updating 
|  87|0x0000000088900000, 0x0000000088a00000, 0x0000000088a00000|100%| O|  |TAMS 0x0000000088a00000, 0x0000000088900000| Updating 
|  88|0x0000000088a00000, 0x0000000088b00000, 0x0000000088b00000|100%|HS|  |TAMS 0x0000000088b00000, 0x0000000088a00000| Complete 
|  89|0x0000000088b00000, 0x0000000088c00000, 0x0000000088c00000|100%|HC|  |TAMS 0x0000000088c00000, 0x0000000088b00000| Complete 
|  90|0x0000000088c00000, 0x0000000088d00000, 0x0000000088d00000|100%|HS|  |TAMS 0x0000000088d00000, 0x0000000088c00000| Complete 
|  91|0x0000000088d00000, 0x0000000088e00000, 0x0000000088e00000|100%|HC|  |TAMS 0x0000000088e00000, 0x0000000088d00000| Complete 
|  92|0x0000000088e00000, 0x0000000088f00000, 0x0000000088f00000|100%|HS|  |TAMS 0x0000000088f00000, 0x0000000088e00000| Complete 
|  93|0x0000000088f00000, 0x0000000089000000, 0x0000000089000000|100%|HC|  |TAMS 0x0000000089000000, 0x0000000088f00000| Complete 
|  94|0x0000000089000000, 0x0000000089100000, 0x0000000089100000|100%|HC|  |TAMS 0x0000000089100000, 0x0000000089000000| Complete 
|  95|0x0000000089100000, 0x0000000089200000, 0x0000000089200000|100%|HS|  |TAMS 0x0000000089200000, 0x0000000089100000| Complete 
|  96|0x0000000089200000, 0x0000000089300000, 0x0000000089300000|100%|HC|  |TAMS 0x0000000089300000, 0x0000000089200000| Complete 
|  97|0x0000000089300000, 0x0000000089400000, 0x0000000089400000|100%|HS|  |TAMS 0x0000000089400000, 0x0000000089300000| Complete 
|  98|0x0000000089400000, 0x0000000089400000, 0x0000000089500000|  0%| F|  |TAMS 0x0000000089400000, 0x0000000089400000| Untracked 
|  99|0x0000000089500000, 0x0000000089600000, 0x0000000089600000|100%| O|  |TAMS 0x0000000089600000, 0x0000000089500000| Updating 
| 100|0x0000000089600000, 0x0000000089700000, 0x0000000089700000|100%| O|  |TAMS 0x0000000089700000, 0x0000000089600000| Updating 
| 101|0x0000000089700000, 0x0000000089800000, 0x0000000089800000|100%| O|  |TAMS 0x0000000089800000, 0x0000000089700000| Updating 
| 102|0x0000000089800000, 0x0000000089900000, 0x0000000089900000|100%| O|  |TAMS 0x0000000089900000, 0x0000000089800000| Updating 
| 103|0x0000000089900000, 0x0000000089a00000, 0x0000000089a00000|100%| O|  |TAMS 0x0000000089a00000, 0x0000000089900000| Untracked 
| 104|0x0000000089a00000, 0x0000000089b00000, 0x0000000089b00000|100%| O|  |TAMS 0x0000000089b00000, 0x0000000089a00000| Untracked 
| 105|0x0000000089b00000, 0x0000000089c00000, 0x0000000089c00000|100%| O|  |TAMS 0x0000000089c00000, 0x0000000089b00000| Updating 
| 106|0x0000000089c00000, 0x0000000089c00000, 0x0000000089d00000|  0%| F|  |TAMS 0x0000000089c00000, 0x0000000089c00000| Untracked 
| 107|0x0000000089d00000, 0x0000000089e00000, 0x0000000089e00000|100%|HS|  |TAMS 0x0000000089e00000, 0x0000000089d00000| Complete 
| 108|0x0000000089e00000, 0x0000000089f00000, 0x0000000089f00000|100%|HC|  |TAMS 0x0000000089f00000, 0x0000000089e00000| Complete 
| 109|0x0000000089f00000, 0x000000008a000000, 0x000000008a000000|100%|HC|  |TAMS 0x000000008a000000, 0x0000000089f00000| Complete 
| 110|0x000000008a000000, 0x000000008a100000, 0x000000008a100000|100%|HS|  |TAMS 0x000000008a100000, 0x000000008a000000| Complete 
| 111|0x000000008a100000, 0x000000008a200000, 0x000000008a200000|100%|HC|  |TAMS 0x000000008a200000, 0x000000008a100000| Complete 
| 112|0x000000008a200000, 0x000000008a300000, 0x000000008a300000|100%|HC|  |TAMS 0x000000008a300000, 0x000000008a200000| Complete 
| 113|0x000000008a300000, 0x000000008a400000, 0x000000008a400000|100%|HS|  |TAMS 0x000000008a400000, 0x000000008a300000| Complete 
| 114|0x000000008a400000, 0x000000008a500000, 0x000000008a500000|100%|HC|  |TAMS 0x000000008a500000, 0x000000008a400000| Complete 
| 115|0x000000008a500000, 0x000000008a600000, 0x000000008a600000|100%|HC|  |TAMS 0x000000008a600000, 0x000000008a500000| Complete 
| 116|0x000000008a600000, 0x000000008a700000, 0x000000008a700000|100%|HS|  |TAMS 0x000000008a700000, 0x000000008a600000| Complete 
| 117|0x000000008a700000, 0x000000008a800000, 0x000000008a800000|100%|HC|  |TAMS 0x000000008a800000, 0x000000008a700000| Complete 
| 118|0x000000008a800000, 0x000000008a900000, 0x000000008a900000|100%|HC|  |TAMS 0x000000008a900000, 0x000000008a800000| Complete 
| 119|0x000000008a900000, 0x000000008aa00000, 0x000000008aa00000|100%|HS|  |TAMS 0x000000008aa00000, 0x000000008a900000| Complete 
| 120|0x000000008aa00000, 0x000000008ab00000, 0x000000008ab00000|100%|HC|  |TAMS 0x000000008ab00000, 0x000000008aa00000| Complete 
| 121|0x000000008ab00000, 0x000000008ac00000, 0x000000008ac00000|100%|HS|  |TAMS 0x000000008ac00000, 0x000000008ab00000| Complete 
| 122|0x000000008ac00000, 0x000000008ad00000, 0x000000008ad00000|100%|HC|  |TAMS 0x000000008ad00000, 0x000000008ac00000| Complete 
| 123|0x000000008ad00000, 0x000000008ae00000, 0x000000008ae00000|100%|HS|  |TAMS 0x000000008ae00000, 0x000000008ad00000| Complete 
| 124|0x000000008ae00000, 0x000000008af00000, 0x000000008af00000|100%|HC|  |TAMS 0x000000008af00000, 0x000000008ae00000| Complete 
| 125|0x000000008af00000, 0x000000008b000000, 0x000000008b000000|100%| O|  |TAMS 0x000000008b000000, 0x000000008af00000| Untracked 
| 126|0x000000008b000000, 0x000000008b000000, 0x000000008b100000|  0%| F|  |TAMS 0x000000008b000000, 0x000000008b000000| Untracked 
| 127|0x000000008b100000, 0x000000008b100000, 0x000000008b200000|  0%| F|  |TAMS 0x000000008b100000, 0x000000008b100000| Untracked 
| 128|0x000000008b200000, 0x000000008b300000, 0x000000008b300000|100%| O|  |TAMS 0x000000008b300000, 0x000000008b200000| Updating 
| 129|0x000000008b300000, 0x000000008b400000, 0x000000008b400000|100%| O|  |TAMS 0x000000008b400000, 0x000000008b300000| Updating 
| 130|0x000000008b400000, 0x000000008b500000, 0x000000008b500000|100%| O|  |TAMS 0x000000008b500000, 0x000000008b400000| Updating 
| 131|0x000000008b500000, 0x000000008b600000, 0x000000008b600000|100%| O|  |TAMS 0x000000008b600000, 0x000000008b500000| Updating 
| 132|0x000000008b600000, 0x000000008b700000, 0x000000008b700000|100%| O|  |TAMS 0x000000008b700000, 0x000000008b600000| Updating 
| 133|0x000000008b700000, 0x000000008b800000, 0x000000008b800000|100%|HS|  |TAMS 0x000000008b800000, 0x000000008b700000| Complete 
| 134|0x000000008b800000, 0x000000008b900000, 0x000000008b900000|100%|HC|  |TAMS 0x000000008b900000, 0x000000008b800000| Complete 
| 135|0x000000008b900000, 0x000000008ba00000, 0x000000008ba00000|100%| O|  |TAMS 0x000000008ba00000, 0x000000008b900000| Updating 
| 136|0x000000008ba00000, 0x000000008bb00000, 0x000000008bb00000|100%|HS|  |TAMS 0x000000008bb00000, 0x000000008ba00000| Complete 
| 137|0x000000008bb00000, 0x000000008bc00000, 0x000000008bc00000|100%|HC|  |TAMS 0x000000008bc00000, 0x000000008bb00000| Complete 
| 138|0x000000008bc00000, 0x000000008bd00000, 0x000000008bd00000|100%|HS|  |TAMS 0x000000008bd00000, 0x000000008bc00000| Complete 
| 139|0x000000008bd00000, 0x000000008be00000, 0x000000008be00000|100%|HC|  |TAMS 0x000000008be00000, 0x000000008bd00000| Complete 
| 140|0x000000008be00000, 0x000000008bf00000, 0x000000008bf00000|100%|HC|  |TAMS 0x000000008bf00000, 0x000000008be00000| Complete 
| 141|0x000000008bf00000, 0x000000008c000000, 0x000000008c000000|100%|HC|  |TAMS 0x000000008c000000, 0x000000008bf00000| Complete 
| 142|0x000000008c000000, 0x000000008c100000, 0x000000008c100000|100%| O|  |TAMS 0x000000008c100000, 0x000000008c000000| Updating 
| 143|0x000000008c100000, 0x000000008c200000, 0x000000008c200000|100%|HS|  |TAMS 0x000000008c200000, 0x000000008c100000| Complete 
| 144|0x000000008c200000, 0x000000008c300000, 0x000000008c300000|100%|HC|  |TAMS 0x000000008c300000, 0x000000008c200000| Complete 
| 145|0x000000008c300000, 0x000000008c400000, 0x000000008c400000|100%| O|  |TAMS 0x000000008c400000, 0x000000008c300000| Updating 
| 146|0x000000008c400000, 0x000000008c500000, 0x000000008c500000|100%| O|  |TAMS 0x000000008c500000, 0x000000008c400000| Updating 
| 147|0x000000008c500000, 0x000000008c600000, 0x000000008c600000|100%| O|  |TAMS 0x000000008c600000, 0x000000008c500000| Untracked 
| 148|0x000000008c600000, 0x000000008c700000, 0x000000008c700000|100%| O|  |TAMS 0x000000008c700000, 0x000000008c600000| Untracked 
| 149|0x000000008c700000, 0x000000008c800000, 0x000000008c800000|100%| O|  |TAMS 0x000000008c800000, 0x000000008c700000| Untracked 
| 150|0x000000008c800000, 0x000000008c900000, 0x000000008c900000|100%| O|  |TAMS 0x000000008c900000, 0x000000008c800000| Updating 
| 151|0x000000008c900000, 0x000000008ca00000, 0x000000008ca00000|100%|HS|  |TAMS 0x000000008ca00000, 0x000000008c900000| Complete 
| 152|0x000000008ca00000, 0x000000008cb00000, 0x000000008cb00000|100%|HC|  |TAMS 0x000000008cb00000, 0x000000008ca00000| Complete 
| 153|0x000000008cb00000, 0x000000008cc00000, 0x000000008cc00000|100%|HC|  |TAMS 0x000000008cc00000, 0x000000008cb00000| Complete 
| 154|0x000000008cc00000, 0x000000008cd00000, 0x000000008cd00000|100%|HC|  |TAMS 0x000000008cd00000, 0x000000008cc00000| Complete 
| 155|0x000000008cd00000, 0x000000008ce00000, 0x000000008ce00000|100%|HC|  |TAMS 0x000000008ce00000, 0x000000008cd00000| Complete 
| 156|0x000000008ce00000, 0x000000008cf00000, 0x000000008cf00000|100%|HC|  |TAMS 0x000000008cf00000, 0x000000008ce00000| Complete 
| 157|0x000000008cf00000, 0x000000008d000000, 0x000000008d000000|100%|HC|  |TAMS 0x000000008d000000, 0x000000008cf00000| Complete 
| 158|0x000000008d000000, 0x000000008d100000, 0x000000008d100000|100%|HC|  |TAMS 0x000000008d100000, 0x000000008d000000| Complete 
| 159|0x000000008d100000, 0x000000008d200000, 0x000000008d200000|100%|HC|  |TAMS 0x000000008d200000, 0x000000008d100000| Complete 
| 160|0x000000008d200000, 0x000000008d300000, 0x000000008d300000|100%|HC|  |TAMS 0x000000008d300000, 0x000000008d200000| Complete 
| 161|0x000000008d300000, 0x000000008d400000, 0x000000008d400000|100%|HC|  |TAMS 0x000000008d400000, 0x000000008d300000| Complete 
| 162|0x000000008d400000, 0x000000008d500000, 0x000000008d500000|100%|HC|  |TAMS 0x000000008d500000, 0x000000008d400000| Complete 
| 163|0x000000008d500000, 0x000000008d600000, 0x000000008d600000|100%|HC|  |TAMS 0x000000008d600000, 0x000000008d500000| Complete 
| 164|0x000000008d600000, 0x000000008d700000, 0x000000008d700000|100%|HC|  |TAMS 0x000000008d700000, 0x000000008d600000| Complete 
| 165|0x000000008d700000, 0x000000008d800000, 0x000000008d800000|100%|HC|  |TAMS 0x000000008d800000, 0x000000008d700000| Complete 
| 166|0x000000008d800000, 0x000000008d900000, 0x000000008d900000|100%|HC|  |TAMS 0x000000008d900000, 0x000000008d800000| Complete 
| 167|0x000000008d900000, 0x000000008da00000, 0x000000008da00000|100%|HC|  |TAMS 0x000000008da00000, 0x000000008d900000| Complete 
| 168|0x000000008da00000, 0x000000008db00000, 0x000000008db00000|100%|HC|  |TAMS 0x000000008db00000, 0x000000008da00000| Complete 
| 169|0x000000008db00000, 0x000000008dc00000, 0x000000008dc00000|100%|HC|  |TAMS 0x000000008dc00000, 0x000000008db00000| Complete 
| 170|0x000000008dc00000, 0x000000008dd00000, 0x000000008dd00000|100%|HC|  |TAMS 0x000000008dd00000, 0x000000008dc00000| Complete 
| 171|0x000000008dd00000, 0x000000008de00000, 0x000000008de00000|100%|HC|  |TAMS 0x000000008de00000, 0x000000008dd00000| Complete 
| 172|0x000000008de00000, 0x000000008df00000, 0x000000008df00000|100%|HC|  |TAMS 0x000000008df00000, 0x000000008de00000| Complete 
| 173|0x000000008df00000, 0x000000008e000000, 0x000000008e000000|100%|HC|  |TAMS 0x000000008e000000, 0x000000008df00000| Complete 
| 174|0x000000008e000000, 0x000000008e100000, 0x000000008e100000|100%|HC|  |TAMS 0x000000008e100000, 0x000000008e000000| Complete 
| 175|0x000000008e100000, 0x000000008e200000, 0x000000008e200000|100%|HC|  |TAMS 0x000000008e200000, 0x000000008e100000| Complete 
| 176|0x000000008e200000, 0x000000008e300000, 0x000000008e300000|100%|HC|  |TAMS 0x000000008e300000, 0x000000008e200000| Complete 
| 177|0x000000008e300000, 0x000000008e400000, 0x000000008e400000|100%|HC|  |TAMS 0x000000008e400000, 0x000000008e300000| Complete 
| 178|0x000000008e400000, 0x000000008e500000, 0x000000008e500000|100%|HC|  |TAMS 0x000000008e500000, 0x000000008e400000| Complete 
| 179|0x000000008e500000, 0x000000008e600000, 0x000000008e600000|100%|HC|  |TAMS 0x000000008e600000, 0x000000008e500000| Complete 
| 180|0x000000008e600000, 0x000000008e700000, 0x000000008e700000|100%|HC|  |TAMS 0x000000008e700000, 0x000000008e600000| Complete 
| 181|0x000000008e700000, 0x000000008e800000, 0x000000008e800000|100%|HC|  |TAMS 0x000000008e800000, 0x000000008e700000| Complete 
| 182|0x000000008e800000, 0x000000008e900000, 0x000000008e900000|100%|HC|  |TAMS 0x000000008e900000, 0x000000008e800000| Complete 
| 183|0x000000008e900000, 0x000000008ea00000, 0x000000008ea00000|100%|HC|  |TAMS 0x000000008ea00000, 0x000000008e900000| Complete 
| 184|0x000000008ea00000, 0x000000008eb00000, 0x000000008eb00000|100%|HC|  |TAMS 0x000000008eb00000, 0x000000008ea00000| Complete 
| 185|0x000000008eb00000, 0x000000008ec00000, 0x000000008ec00000|100%|HC|  |TAMS 0x000000008ec00000, 0x000000008eb00000| Complete 
| 186|0x000000008ec00000, 0x000000008ed00000, 0x000000008ed00000|100%|HC|  |TAMS 0x000000008ed00000, 0x000000008ec00000| Complete 
| 187|0x000000008ed00000, 0x000000008ee00000, 0x000000008ee00000|100%|HC|  |TAMS 0x000000008ee00000, 0x000000008ed00000| Complete 
| 188|0x000000008ee00000, 0x000000008ef00000, 0x000000008ef00000|100%|HC|  |TAMS 0x000000008ef00000, 0x000000008ee00000| Complete 
| 189|0x000000008ef00000, 0x000000008f000000, 0x000000008f000000|100%|HC|  |TAMS 0x000000008f000000, 0x000000008ef00000| Complete 
| 190|0x000000008f000000, 0x000000008f100000, 0x000000008f100000|100%|HC|  |TAMS 0x000000008f100000, 0x000000008f000000| Complete 
| 191|0x000000008f100000, 0x000000008f200000, 0x000000008f200000|100%|HC|  |TAMS 0x000000008f200000, 0x000000008f100000| Complete 
| 192|0x000000008f200000, 0x000000008f300000, 0x000000008f300000|100%|HC|  |TAMS 0x000000008f300000, 0x000000008f200000| Complete 
| 193|0x000000008f300000, 0x000000008f400000, 0x000000008f400000|100%|HC|  |TAMS 0x000000008f400000, 0x000000008f300000| Complete 
| 194|0x000000008f400000, 0x000000008f500000, 0x000000008f500000|100%|HC|  |TAMS 0x000000008f500000, 0x000000008f400000| Complete 
| 195|0x000000008f500000, 0x000000008f600000, 0x000000008f600000|100%|HC|  |TAMS 0x000000008f600000, 0x000000008f500000| Complete 
| 196|0x000000008f600000, 0x000000008f700000, 0x000000008f700000|100%|HC|  |TAMS 0x000000008f700000, 0x000000008f600000| Complete 
| 197|0x000000008f700000, 0x000000008f800000, 0x000000008f800000|100%| O|  |TAMS 0x000000008f800000, 0x000000008f700000| Untracked 
| 198|0x000000008f800000, 0x000000008f871e00, 0x000000008f900000| 44%| O|  |TAMS 0x000000008f871e00, 0x000000008f800000| Updating 
| 199|0x000000008f900000, 0x000000008f900000, 0x000000008fa00000|  0%| F|  |TAMS 0x000000008f900000, 0x000000008f900000| Untracked 
| 200|0x000000008fa00000, 0x000000008fa00000, 0x000000008fb00000|  0%| F|  |TAMS 0x000000008fa00000, 0x000000008fa00000| Untracked 
| 201|0x000000008fb00000, 0x000000008fc00000, 0x000000008fc00000|100%| O|  |TAMS 0x000000008fc00000, 0x000000008fb00000| Updating 
| 202|0x000000008fc00000, 0x000000008fc00000, 0x000000008fd00000|  0%| F|  |TAMS 0x000000008fc00000, 0x000000008fc00000| Untracked 
| 203|0x000000008fd00000, 0x000000008fd00000, 0x000000008fe00000|  0%| F|  |TAMS 0x000000008fd00000, 0x000000008fd00000| Untracked 
| 204|0x000000008fe00000, 0x000000008fe00000, 0x000000008ff00000|  0%| F|  |TAMS 0x000000008fe00000, 0x000000008fe00000| Untracked 
| 205|0x000000008ff00000, 0x000000008ff00000, 0x0000000090000000|  0%| F|  |TAMS 0x000000008ff00000, 0x000000008ff00000| Untracked 
| 206|0x0000000090000000, 0x0000000090000000, 0x0000000090100000|  0%| F|  |TAMS 0x0000000090000000, 0x0000000090000000| Untracked 
| 207|0x0000000090100000, 0x0000000090100000, 0x0000000090200000|  0%| F|  |TAMS 0x0000000090100000, 0x0000000090100000| Untracked 
| 208|0x0000000090200000, 0x0000000090300000, 0x0000000090300000|100%| O|  |TAMS 0x0000000090300000, 0x0000000090200000| Updating 
| 209|0x0000000090300000, 0x0000000090300000, 0x0000000090400000|  0%| F|  |TAMS 0x0000000090300000, 0x0000000090300000| Untracked 
| 210|0x0000000090400000, 0x0000000090400000, 0x0000000090500000|  0%| F|  |TAMS 0x0000000090400000, 0x0000000090400000| Untracked 
| 211|0x0000000090500000, 0x0000000090600000, 0x0000000090600000|100%| O|  |TAMS 0x0000000090600000, 0x0000000090500000| Updating 
| 212|0x0000000090600000, 0x0000000090600000, 0x0000000090700000|  0%| F|  |TAMS 0x0000000090600000, 0x0000000090600000| Untracked 
| 213|0x0000000090700000, 0x0000000090700000, 0x0000000090800000|  0%| F|  |TAMS 0x0000000090700000, 0x0000000090700000| Untracked 
| 214|0x0000000090800000, 0x0000000090800000, 0x0000000090900000|  0%| F|  |TAMS 0x0000000090800000, 0x0000000090800000| Untracked 
| 215|0x0000000090900000, 0x0000000090900000, 0x0000000090a00000|  0%| F|  |TAMS 0x0000000090900000, 0x0000000090900000| Untracked 
| 216|0x0000000090a00000, 0x0000000090a00000, 0x0000000090b00000|  0%| F|  |TAMS 0x0000000090a00000, 0x0000000090a00000| Untracked 
| 217|0x0000000090b00000, 0x0000000090b00000, 0x0000000090c00000|  0%| F|  |TAMS 0x0000000090b00000, 0x0000000090b00000| Untracked 
| 218|0x0000000090c00000, 0x0000000090c00000, 0x0000000090d00000|  0%| F|  |TAMS 0x0000000090c00000, 0x0000000090c00000| Untracked 
| 219|0x0000000090d00000, 0x0000000090d00000, 0x0000000090e00000|  0%| F|  |TAMS 0x0000000090d00000, 0x0000000090d00000| Untracked 
| 220|0x0000000090e00000, 0x0000000090e00000, 0x0000000090f00000|  0%| F|  |TAMS 0x0000000090e00000, 0x0000000090e00000| Untracked 
| 221|0x0000000090f00000, 0x0000000090f00000, 0x0000000091000000|  0%| F|  |TAMS 0x0000000090f00000, 0x0000000090f00000| Untracked 
| 222|0x0000000091000000, 0x0000000091000000, 0x0000000091100000|  0%| F|  |TAMS 0x0000000091000000, 0x0000000091000000| Untracked 
| 223|0x0000000091100000, 0x0000000091100000, 0x0000000091200000|  0%| F|  |TAMS 0x0000000091100000, 0x0000000091100000| Untracked 
| 224|0x0000000091200000, 0x0000000091200000, 0x0000000091300000|  0%| F|  |TAMS 0x0000000091200000, 0x0000000091200000| Untracked 
| 225|0x0000000091300000, 0x0000000091300000, 0x0000000091400000|  0%| F|  |TAMS 0x0000000091300000, 0x0000000091300000| Untracked 
| 226|0x0000000091400000, 0x0000000091400000, 0x0000000091500000|  0%| F|  |TAMS 0x0000000091400000, 0x0000000091400000| Untracked 
| 227|0x0000000091500000, 0x0000000091500000, 0x0000000091600000|  0%| F|  |TAMS 0x0000000091500000, 0x0000000091500000| Untracked 
| 228|0x0000000091600000, 0x0000000091600000, 0x0000000091700000|  0%| F|  |TAMS 0x0000000091600000, 0x0000000091600000| Untracked 
| 229|0x0000000091700000, 0x0000000091700000, 0x0000000091800000|  0%| F|  |TAMS 0x0000000091700000, 0x0000000091700000| Untracked 
| 230|0x0000000091800000, 0x0000000091800000, 0x0000000091900000|  0%| F|  |TAMS 0x0000000091800000, 0x0000000091800000| Untracked 
| 231|0x0000000091900000, 0x0000000091900000, 0x0000000091a00000|  0%| F|  |TAMS 0x0000000091900000, 0x0000000091900000| Untracked 
| 232|0x0000000091a00000, 0x0000000091a00000, 0x0000000091b00000|  0%| F|  |TAMS 0x0000000091a00000, 0x0000000091a00000| Untracked 
| 233|0x0000000091b00000, 0x0000000091b00000, 0x0000000091c00000|  0%| F|  |TAMS 0x0000000091b00000, 0x0000000091b00000| Untracked 
| 234|0x0000000091c00000, 0x0000000091c00000, 0x0000000091d00000|  0%| F|  |TAMS 0x0000000091c00000, 0x0000000091c00000| Untracked 
| 235|0x0000000091d00000, 0x0000000091d00000, 0x0000000091e00000|  0%| F|  |TAMS 0x0000000091d00000, 0x0000000091d00000| Untracked 
| 236|0x0000000091e00000, 0x0000000091e00000, 0x0000000091f00000|  0%| F|  |TAMS 0x0000000091e00000, 0x0000000091e00000| Untracked 
| 237|0x0000000091f00000, 0x0000000091f00000, 0x0000000092000000|  0%| F|  |TAMS 0x0000000091f00000, 0x0000000091f00000| Untracked 
| 238|0x0000000092000000, 0x0000000092000000, 0x0000000092100000|  0%| F|  |TAMS 0x0000000092000000, 0x0000000092000000| Untracked 
| 239|0x0000000092100000, 0x0000000092100000, 0x0000000092200000|  0%| F|  |TAMS 0x0000000092100000, 0x0000000092100000| Untracked 
| 240|0x0000000092200000, 0x0000000092200000, 0x0000000092300000|  0%| F|  |TAMS 0x0000000092200000, 0x0000000092200000| Untracked 
| 241|0x0000000092300000, 0x0000000092300000, 0x0000000092400000|  0%| F|  |TAMS 0x0000000092300000, 0x0000000092300000| Untracked 
| 242|0x0000000092400000, 0x0000000092400000, 0x0000000092500000|  0%| F|  |TAMS 0x0000000092400000, 0x0000000092400000| Untracked 
| 243|0x0000000092500000, 0x0000000092500000, 0x0000000092600000|  0%| F|  |TAMS 0x0000000092500000, 0x0000000092500000| Untracked 
| 244|0x0000000092600000, 0x0000000092600000, 0x0000000092700000|  0%| F|  |TAMS 0x0000000092600000, 0x0000000092600000| Untracked 
| 245|0x0000000092700000, 0x0000000092700000, 0x0000000092800000|  0%| F|  |TAMS 0x0000000092700000, 0x0000000092700000| Untracked 
| 246|0x0000000092800000, 0x0000000092800000, 0x0000000092900000|  0%| F|  |TAMS 0x0000000092800000, 0x0000000092800000| Untracked 
| 247|0x0000000092900000, 0x0000000092900000, 0x0000000092a00000|  0%| F|  |TAMS 0x0000000092900000, 0x0000000092900000| Untracked 
| 248|0x0000000092a00000, 0x0000000092a00000, 0x0000000092b00000|  0%| F|  |TAMS 0x0000000092a00000, 0x0000000092a00000| Untracked 
| 249|0x0000000092b00000, 0x0000000092b00000, 0x0000000092c00000|  0%| F|  |TAMS 0x0000000092b00000, 0x0000000092b00000| Untracked 
| 250|0x0000000092c00000, 0x0000000092cebd00, 0x0000000092d00000| 92%| S|CS|TAMS 0x0000000092c00000, 0x0000000092c00000| Complete 
| 251|0x0000000092d00000, 0x0000000092e00000, 0x0000000092e00000|100%| S|CS|TAMS 0x0000000092d00000, 0x0000000092d00000| Complete 
| 252|0x0000000092e00000, 0x0000000092f00000, 0x0000000092f00000|100%| S|CS|TAMS 0x0000000092e00000, 0x0000000092e00000| Complete 
| 253|0x0000000092f00000, 0x0000000093000000, 0x0000000093000000|100%| S|CS|TAMS 0x0000000092f00000, 0x0000000092f00000| Complete 
| 254|0x0000000093000000, 0x0000000093000000, 0x0000000093100000|  0%| F|  |TAMS 0x0000000093000000, 0x0000000093000000| Untracked 
| 255|0x0000000093100000, 0x0000000093100000, 0x0000000093200000|  0%| F|  |TAMS 0x0000000093100000, 0x0000000093100000| Untracked 
| 256|0x0000000093200000, 0x0000000093200000, 0x0000000093300000|  0%| F|  |TAMS 0x0000000093200000, 0x0000000093200000| Untracked 
| 257|0x0000000093300000, 0x0000000093300000, 0x0000000093400000|  0%| F|  |TAMS 0x0000000093300000, 0x0000000093300000| Untracked 
| 258|0x0000000093400000, 0x0000000093400000, 0x0000000093500000|  0%| F|  |TAMS 0x0000000093400000, 0x0000000093400000| Untracked 
| 259|0x0000000093500000, 0x0000000093500000, 0x0000000093600000|  0%| F|  |TAMS 0x0000000093500000, 0x0000000093500000| Untracked 
| 260|0x0000000093600000, 0x0000000093600000, 0x0000000093700000|  0%| F|  |TAMS 0x0000000093600000, 0x0000000093600000| Untracked 
| 261|0x0000000093700000, 0x0000000093700000, 0x0000000093800000|  0%| F|  |TAMS 0x0000000093700000, 0x0000000093700000| Untracked 
| 262|0x0000000093800000, 0x0000000093800000, 0x0000000093900000|  0%| F|  |TAMS 0x0000000093800000, 0x0000000093800000| Untracked 
| 263|0x0000000093900000, 0x0000000093900000, 0x0000000093a00000|  0%| F|  |TAMS 0x0000000093900000, 0x0000000093900000| Untracked 
| 264|0x0000000093a00000, 0x0000000093a00000, 0x0000000093b00000|  0%| F|  |TAMS 0x0000000093a00000, 0x0000000093a00000| Untracked 
| 265|0x0000000093b00000, 0x0000000093b00000, 0x0000000093c00000|  0%| F|  |TAMS 0x0000000093b00000, 0x0000000093b00000| Untracked 
| 266|0x0000000093c00000, 0x0000000093c00000, 0x0000000093d00000|  0%| F|  |TAMS 0x0000000093c00000, 0x0000000093c00000| Untracked 
| 267|0x0000000093d00000, 0x0000000093d00000, 0x0000000093e00000|  0%| F|  |TAMS 0x0000000093d00000, 0x0000000093d00000| Untracked 
| 268|0x0000000093e00000, 0x0000000093e00000, 0x0000000093f00000|  0%| F|  |TAMS 0x0000000093e00000, 0x0000000093e00000| Untracked 
| 269|0x0000000093f00000, 0x0000000093f00000, 0x0000000094000000|  0%| F|  |TAMS 0x0000000093f00000, 0x0000000093f00000| Untracked 
| 270|0x0000000094000000, 0x0000000094000000, 0x0000000094100000|  0%| F|  |TAMS 0x0000000094000000, 0x0000000094000000| Untracked 
| 271|0x0000000094100000, 0x0000000094100000, 0x0000000094200000|  0%| F|  |TAMS 0x0000000094100000, 0x0000000094100000| Untracked 
| 272|0x0000000094200000, 0x0000000094200000, 0x0000000094300000|  0%| F|  |TAMS 0x0000000094200000, 0x0000000094200000| Untracked 
| 273|0x0000000094300000, 0x0000000094300000, 0x0000000094400000|  0%| F|  |TAMS 0x0000000094300000, 0x0000000094300000| Untracked 
| 274|0x0000000094400000, 0x0000000094400000, 0x0000000094500000|  0%| F|  |TAMS 0x0000000094400000, 0x0000000094400000| Untracked 
| 275|0x0000000094500000, 0x0000000094500000, 0x0000000094600000|  0%| F|  |TAMS 0x0000000094500000, 0x0000000094500000| Untracked 
| 276|0x0000000094600000, 0x0000000094600000, 0x0000000094700000|  0%| F|  |TAMS 0x0000000094600000, 0x0000000094600000| Untracked 
| 277|0x0000000094700000, 0x0000000094700000, 0x0000000094800000|  0%| F|  |TAMS 0x0000000094700000, 0x0000000094700000| Untracked 
| 278|0x0000000094800000, 0x0000000094800000, 0x0000000094900000|  0%| F|  |TAMS 0x0000000094800000, 0x0000000094800000| Untracked 
| 279|0x0000000094900000, 0x0000000094900000, 0x0000000094a00000|  0%| F|  |TAMS 0x0000000094900000, 0x0000000094900000| Untracked 
| 280|0x0000000094a00000, 0x0000000094a00000, 0x0000000094b00000|  0%| F|  |TAMS 0x0000000094a00000, 0x0000000094a00000| Untracked 
| 281|0x0000000094b00000, 0x0000000094b00000, 0x0000000094c00000|  0%| F|  |TAMS 0x0000000094b00000, 0x0000000094b00000| Untracked 
| 282|0x0000000094c00000, 0x0000000094c00000, 0x0000000094d00000|  0%| F|  |TAMS 0x0000000094c00000, 0x0000000094c00000| Untracked 
| 283|0x0000000094d00000, 0x0000000094d00000, 0x0000000094e00000|  0%| F|  |TAMS 0x0000000094d00000, 0x0000000094d00000| Untracked 
| 284|0x0000000094e00000, 0x0000000094e00000, 0x0000000094f00000|  0%| F|  |TAMS 0x0000000094e00000, 0x0000000094e00000| Untracked 
| 285|0x0000000094f00000, 0x0000000094f00000, 0x0000000095000000|  0%| F|  |TAMS 0x0000000094f00000, 0x0000000094f00000| Untracked 
| 286|0x0000000095000000, 0x0000000095000000, 0x0000000095100000|  0%| F|  |TAMS 0x0000000095000000, 0x0000000095000000| Untracked 
| 287|0x0000000095100000, 0x0000000095100000, 0x0000000095200000|  0%| F|  |TAMS 0x0000000095100000, 0x0000000095100000| Untracked 
| 288|0x0000000095200000, 0x0000000095200000, 0x0000000095300000|  0%| F|  |TAMS 0x0000000095200000, 0x0000000095200000| Untracked 
| 289|0x0000000095300000, 0x0000000095300000, 0x0000000095400000|  0%| F|  |TAMS 0x0000000095300000, 0x0000000095300000| Untracked 
| 290|0x0000000095400000, 0x0000000095400000, 0x0000000095500000|  0%| F|  |TAMS 0x0000000095400000, 0x0000000095400000| Untracked 
| 291|0x0000000095500000, 0x0000000095500000, 0x0000000095600000|  0%| F|  |TAMS 0x0000000095500000, 0x0000000095500000| Untracked 
| 292|0x0000000095600000, 0x0000000095600000, 0x0000000095700000|  0%| F|  |TAMS 0x0000000095600000, 0x0000000095600000| Untracked 
| 293|0x0000000095700000, 0x0000000095700000, 0x0000000095800000|  0%| F|  |TAMS 0x0000000095700000, 0x0000000095700000| Untracked 
| 294|0x0000000095800000, 0x0000000095900000, 0x0000000095900000|100%| E|  |TAMS 0x0000000095800000, 0x0000000095800000| Complete 
| 295|0x0000000095900000, 0x0000000095a00000, 0x0000000095a00000|100%|HS|  |TAMS 0x0000000095a00000, 0x0000000095900000| Complete 
| 296|0x0000000095a00000, 0x0000000095b00000, 0x0000000095b00000|100%|HC|  |TAMS 0x0000000095b00000, 0x0000000095a00000| Complete 
| 297|0x0000000095b00000, 0x0000000095c00000, 0x0000000095c00000|100%|HC|  |TAMS 0x0000000095c00000, 0x0000000095b00000| Complete 
| 298|0x0000000095c00000, 0x0000000095d00000, 0x0000000095d00000|100%|HC|  |TAMS 0x0000000095d00000, 0x0000000095c00000| Complete 
| 299|0x0000000095d00000, 0x0000000095e00000, 0x0000000095e00000|100%|HC|  |TAMS 0x0000000095e00000, 0x0000000095d00000| Complete 
| 300|0x0000000095e00000, 0x0000000095f00000, 0x0000000095f00000|100%|HC|  |TAMS 0x0000000095f00000, 0x0000000095e00000| Complete 
| 301|0x0000000095f00000, 0x0000000096000000, 0x0000000096000000|100%|HC|  |TAMS 0x0000000096000000, 0x0000000095f00000| Complete 
| 302|0x0000000096000000, 0x0000000096100000, 0x0000000096100000|100%|HC|  |TAMS 0x0000000096100000, 0x0000000096000000| Complete 
| 303|0x0000000096100000, 0x0000000096200000, 0x0000000096200000|100%|HC|  |TAMS 0x0000000096200000, 0x0000000096100000| Complete 
| 304|0x0000000096200000, 0x0000000096300000, 0x0000000096300000|100%|HC|  |TAMS 0x0000000096300000, 0x0000000096200000| Complete 
| 305|0x0000000096300000, 0x0000000096400000, 0x0000000096400000|100%|HC|  |TAMS 0x0000000096400000, 0x0000000096300000| Complete 
| 306|0x0000000096400000, 0x0000000096500000, 0x0000000096500000|100%|HC|  |TAMS 0x0000000096500000, 0x0000000096400000| Complete 
| 307|0x0000000096500000, 0x0000000096600000, 0x0000000096600000|100%|HC|  |TAMS 0x0000000096600000, 0x0000000096500000| Complete 
| 308|0x0000000096600000, 0x0000000096700000, 0x0000000096700000|100%|HC|  |TAMS 0x0000000096700000, 0x0000000096600000| Complete 
| 309|0x0000000096700000, 0x0000000096800000, 0x0000000096800000|100%|HC|  |TAMS 0x0000000096800000, 0x0000000096700000| Complete 
| 310|0x0000000096800000, 0x0000000096900000, 0x0000000096900000|100%|HC|  |TAMS 0x0000000096900000, 0x0000000096800000| Complete 
| 311|0x0000000096900000, 0x0000000096a00000, 0x0000000096a00000|100%|HC|  |TAMS 0x0000000096a00000, 0x0000000096900000| Complete 
| 312|0x0000000096a00000, 0x0000000096b00000, 0x0000000096b00000|100%|HC|  |TAMS 0x0000000096b00000, 0x0000000096a00000| Complete 
| 313|0x0000000096b00000, 0x0000000096c00000, 0x0000000096c00000|100%|HC|  |TAMS 0x0000000096c00000, 0x0000000096b00000| Complete 
| 314|0x0000000096c00000, 0x0000000096d00000, 0x0000000096d00000|100%|HC|  |TAMS 0x0000000096d00000, 0x0000000096c00000| Complete 
| 315|0x0000000096d00000, 0x0000000096e00000, 0x0000000096e00000|100%|HC|  |TAMS 0x0000000096e00000, 0x0000000096d00000| Complete 
| 316|0x0000000096e00000, 0x0000000096f00000, 0x0000000096f00000|100%|HC|  |TAMS 0x0000000096f00000, 0x0000000096e00000| Complete 
| 317|0x0000000096f00000, 0x0000000097000000, 0x0000000097000000|100%|HC|  |TAMS 0x0000000097000000, 0x0000000096f00000| Complete 
| 318|0x0000000097000000, 0x0000000097100000, 0x0000000097100000|100%|HC|  |TAMS 0x0000000097100000, 0x0000000097000000| Complete 
| 319|0x0000000097100000, 0x0000000097200000, 0x0000000097200000|100%|HC|  |TAMS 0x0000000097200000, 0x0000000097100000| Complete 
| 320|0x0000000097200000, 0x0000000097300000, 0x0000000097300000|100%|HC|  |TAMS 0x0000000097300000, 0x0000000097200000| Complete 
| 321|0x0000000097300000, 0x0000000097400000, 0x0000000097400000|100%|HC|  |TAMS 0x0000000097400000, 0x0000000097300000| Complete 
| 322|0x0000000097400000, 0x0000000097500000, 0x0000000097500000|100%|HC|  |TAMS 0x0000000097500000, 0x0000000097400000| Complete 
| 323|0x0000000097500000, 0x0000000097600000, 0x0000000097600000|100%|HC|  |TAMS 0x0000000097600000, 0x0000000097500000| Complete 
| 324|0x0000000097600000, 0x0000000097700000, 0x0000000097700000|100%|HC|  |TAMS 0x0000000097700000, 0x0000000097600000| Complete 
| 325|0x0000000097700000, 0x0000000097800000, 0x0000000097800000|100%|HC|  |TAMS 0x0000000097800000, 0x0000000097700000| Complete 
| 326|0x0000000097800000, 0x0000000097900000, 0x0000000097900000|100%|HC|  |TAMS 0x0000000097900000, 0x0000000097800000| Complete 
| 327|0x0000000097900000, 0x0000000097a00000, 0x0000000097a00000|100%|HC|  |TAMS 0x0000000097a00000, 0x0000000097900000| Complete 
| 328|0x0000000097a00000, 0x0000000097b00000, 0x0000000097b00000|100%|HC|  |TAMS 0x0000000097b00000, 0x0000000097a00000| Complete 
| 329|0x0000000097b00000, 0x0000000097c00000, 0x0000000097c00000|100%|HC|  |TAMS 0x0000000097c00000, 0x0000000097b00000| Complete 
| 330|0x0000000097c00000, 0x0000000097d00000, 0x0000000097d00000|100%|HC|  |TAMS 0x0000000097d00000, 0x0000000097c00000| Complete 
| 331|0x0000000097d00000, 0x0000000097e00000, 0x0000000097e00000|100%|HC|  |TAMS 0x0000000097e00000, 0x0000000097d00000| Complete 
| 332|0x0000000097e00000, 0x0000000097f00000, 0x0000000097f00000|100%|HC|  |TAMS 0x0000000097f00000, 0x0000000097e00000| Complete 
| 333|0x0000000097f00000, 0x0000000098000000, 0x0000000098000000|100%|HC|  |TAMS 0x0000000098000000, 0x0000000097f00000| Complete 
| 334|0x0000000098000000, 0x0000000098100000, 0x0000000098100000|100%|HC|  |TAMS 0x0000000098100000, 0x0000000098000000| Complete 
| 335|0x0000000098100000, 0x0000000098200000, 0x0000000098200000|100%|HC|  |TAMS 0x0000000098200000, 0x0000000098100000| Complete 
| 336|0x0000000098200000, 0x0000000098300000, 0x0000000098300000|100%|HC|  |TAMS 0x0000000098300000, 0x0000000098200000| Complete 
| 337|0x0000000098300000, 0x0000000098400000, 0x0000000098400000|100%|HC|  |TAMS 0x0000000098400000, 0x0000000098300000| Complete 
| 338|0x0000000098400000, 0x0000000098500000, 0x0000000098500000|100%|HC|  |TAMS 0x0000000098500000, 0x0000000098400000| Complete 
| 339|0x0000000098500000, 0x0000000098600000, 0x0000000098600000|100%|HC|  |TAMS 0x0000000098600000, 0x0000000098500000| Complete 
| 340|0x0000000098600000, 0x0000000098700000, 0x0000000098700000|100%|HC|  |TAMS 0x0000000098700000, 0x0000000098600000| Complete 
| 341|0x0000000098700000, 0x0000000098800000, 0x0000000098800000|100%|HC|  |TAMS 0x0000000098800000, 0x0000000098700000| Complete 
| 342|0x0000000098800000, 0x0000000098900000, 0x0000000098900000|100%|HC|  |TAMS 0x0000000098900000, 0x0000000098800000| Complete 
| 343|0x0000000098900000, 0x0000000098a00000, 0x0000000098a00000|100%|HC|  |TAMS 0x0000000098a00000, 0x0000000098900000| Complete 
| 344|0x0000000098a00000, 0x0000000098b00000, 0x0000000098b00000|100%|HC|  |TAMS 0x0000000098b00000, 0x0000000098a00000| Complete 
| 345|0x0000000098b00000, 0x0000000098c00000, 0x0000000098c00000|100%|HC|  |TAMS 0x0000000098c00000, 0x0000000098b00000| Complete 
| 346|0x0000000098c00000, 0x0000000098d00000, 0x0000000098d00000|100%|HC|  |TAMS 0x0000000098d00000, 0x0000000098c00000| Complete 
| 347|0x0000000098d00000, 0x0000000098e00000, 0x0000000098e00000|100%|HC|  |TAMS 0x0000000098e00000, 0x0000000098d00000| Complete 
| 348|0x0000000098e00000, 0x0000000098f00000, 0x0000000098f00000|100%|HC|  |TAMS 0x0000000098f00000, 0x0000000098e00000| Complete 
| 349|0x0000000098f00000, 0x0000000099000000, 0x0000000099000000|100%|HC|  |TAMS 0x0000000099000000, 0x0000000098f00000| Complete 
| 350|0x0000000099000000, 0x0000000099100000, 0x0000000099100000|100%|HC|  |TAMS 0x0000000099100000, 0x0000000099000000| Complete 
| 351|0x0000000099100000, 0x0000000099200000, 0x0000000099200000|100%|HC|  |TAMS 0x0000000099200000, 0x0000000099100000| Complete 
| 352|0x0000000099200000, 0x0000000099300000, 0x0000000099300000|100%|HC|  |TAMS 0x0000000099300000, 0x0000000099200000| Complete 
| 353|0x0000000099300000, 0x0000000099400000, 0x0000000099400000|100%|HC|  |TAMS 0x0000000099400000, 0x0000000099300000| Complete 
| 354|0x0000000099400000, 0x0000000099500000, 0x0000000099500000|100%|HC|  |TAMS 0x0000000099500000, 0x0000000099400000| Complete 
| 355|0x0000000099500000, 0x0000000099600000, 0x0000000099600000|100%|HC|  |TAMS 0x0000000099600000, 0x0000000099500000| Complete 
| 356|0x0000000099600000, 0x0000000099700000, 0x0000000099700000|100%|HC|  |TAMS 0x0000000099700000, 0x0000000099600000| Complete 
| 357|0x0000000099700000, 0x0000000099800000, 0x0000000099800000|100%|HC|  |TAMS 0x0000000099800000, 0x0000000099700000| Complete 
| 358|0x0000000099800000, 0x0000000099900000, 0x0000000099900000|100%|HC|  |TAMS 0x0000000099900000, 0x0000000099800000| Complete 
| 359|0x0000000099900000, 0x0000000099a00000, 0x0000000099a00000|100%|HC|  |TAMS 0x0000000099a00000, 0x0000000099900000| Complete 
| 360|0x0000000099a00000, 0x0000000099b00000, 0x0000000099b00000|100%|HC|  |TAMS 0x0000000099b00000, 0x0000000099a00000| Complete 
| 361|0x0000000099b00000, 0x0000000099c00000, 0x0000000099c00000|100%|HC|  |TAMS 0x0000000099c00000, 0x0000000099b00000| Complete 
| 362|0x0000000099c00000, 0x0000000099d00000, 0x0000000099d00000|100%|HC|  |TAMS 0x0000000099d00000, 0x0000000099c00000| Complete 
| 363|0x0000000099d00000, 0x0000000099e00000, 0x0000000099e00000|100%|HC|  |TAMS 0x0000000099e00000, 0x0000000099d00000| Complete 
| 364|0x0000000099e00000, 0x0000000099f00000, 0x0000000099f00000|100%|HC|  |TAMS 0x0000000099f00000, 0x0000000099e00000| Complete 
| 365|0x0000000099f00000, 0x000000009a000000, 0x000000009a000000|100%|HC|  |TAMS 0x000000009a000000, 0x0000000099f00000| Complete 
| 366|0x000000009a000000, 0x000000009a100000, 0x000000009a100000|100%|HC|  |TAMS 0x000000009a100000, 0x000000009a000000| Complete 
| 367|0x000000009a100000, 0x000000009a200000, 0x000000009a200000|100%|HC|  |TAMS 0x000000009a200000, 0x000000009a100000| Complete 
| 368|0x000000009a200000, 0x000000009a300000, 0x000000009a300000|100%|HC|  |TAMS 0x000000009a300000, 0x000000009a200000| Complete 
| 369|0x000000009a300000, 0x000000009a400000, 0x000000009a400000|100%|HC|  |TAMS 0x000000009a400000, 0x000000009a300000| Complete 
| 370|0x000000009a400000, 0x000000009a500000, 0x000000009a500000|100%|HC|  |TAMS 0x000000009a500000, 0x000000009a400000| Complete 
| 371|0x000000009a500000, 0x000000009a600000, 0x000000009a600000|100%|HC|  |TAMS 0x000000009a600000, 0x000000009a500000| Complete 
| 372|0x000000009a600000, 0x000000009a700000, 0x000000009a700000|100%|HC|  |TAMS 0x000000009a700000, 0x000000009a600000| Complete 
| 373|0x000000009a700000, 0x000000009a800000, 0x000000009a800000|100%|HC|  |TAMS 0x000000009a800000, 0x000000009a700000| Complete 
| 374|0x000000009a800000, 0x000000009a900000, 0x000000009a900000|100%|HC|  |TAMS 0x000000009a900000, 0x000000009a800000| Complete 
| 375|0x000000009a900000, 0x000000009aa00000, 0x000000009aa00000|100%|HC|  |TAMS 0x000000009aa00000, 0x000000009a900000| Complete 
| 376|0x000000009aa00000, 0x000000009ab00000, 0x000000009ab00000|100%|HC|  |TAMS 0x000000009ab00000, 0x000000009aa00000| Complete 
| 377|0x000000009ab00000, 0x000000009ac00000, 0x000000009ac00000|100%|HC|  |TAMS 0x000000009ac00000, 0x000000009ab00000| Complete 
| 378|0x000000009ac00000, 0x000000009ad00000, 0x000000009ad00000|100%|HC|  |TAMS 0x000000009ad00000, 0x000000009ac00000| Complete 
| 379|0x000000009ad00000, 0x000000009ae00000, 0x000000009ae00000|100%|HC|  |TAMS 0x000000009ae00000, 0x000000009ad00000| Complete 
| 380|0x000000009ae00000, 0x000000009af00000, 0x000000009af00000|100%|HC|  |TAMS 0x000000009af00000, 0x000000009ae00000| Complete 
| 381|0x000000009af00000, 0x000000009b000000, 0x000000009b000000|100%|HC|  |TAMS 0x000000009b000000, 0x000000009af00000| Complete 
| 382|0x000000009b000000, 0x000000009b100000, 0x000000009b100000|100%|HC|  |TAMS 0x000000009b100000, 0x000000009b000000| Complete 
| 383|0x000000009b100000, 0x000000009b200000, 0x000000009b200000|100%|HC|  |TAMS 0x000000009b200000, 0x000000009b100000| Complete 
| 384|0x000000009b200000, 0x000000009b300000, 0x000000009b300000|100%|HC|  |TAMS 0x000000009b300000, 0x000000009b200000| Complete 
| 385|0x000000009b300000, 0x000000009b400000, 0x000000009b400000|100%|HC|  |TAMS 0x000000009b400000, 0x000000009b300000| Complete 
| 386|0x000000009b400000, 0x000000009b500000, 0x000000009b500000|100%|HC|  |TAMS 0x000000009b500000, 0x000000009b400000| Complete 
| 387|0x000000009b500000, 0x000000009b600000, 0x000000009b600000|100%|HC|  |TAMS 0x000000009b600000, 0x000000009b500000| Complete 
| 388|0x000000009b600000, 0x000000009b700000, 0x000000009b700000|100%|HC|  |TAMS 0x000000009b700000, 0x000000009b600000| Complete 
| 389|0x000000009b700000, 0x000000009b800000, 0x000000009b800000|100%|HC|  |TAMS 0x000000009b800000, 0x000000009b700000| Complete 
| 390|0x000000009b800000, 0x000000009b900000, 0x000000009b900000|100%|HC|  |TAMS 0x000000009b900000, 0x000000009b800000| Complete 
| 391|0x000000009b900000, 0x000000009ba00000, 0x000000009ba00000|100%|HC|  |TAMS 0x000000009ba00000, 0x000000009b900000| Complete 
| 392|0x000000009ba00000, 0x000000009bb00000, 0x000000009bb00000|100%|HC|  |TAMS 0x000000009bb00000, 0x000000009ba00000| Complete 
| 393|0x000000009bb00000, 0x000000009bc00000, 0x000000009bc00000|100%|HC|  |TAMS 0x000000009bc00000, 0x000000009bb00000| Complete 
| 394|0x000000009bc00000, 0x000000009bd00000, 0x000000009bd00000|100%|HC|  |TAMS 0x000000009bd00000, 0x000000009bc00000| Complete 
| 395|0x000000009bd00000, 0x000000009be00000, 0x000000009be00000|100%|HC|  |TAMS 0x000000009be00000, 0x000000009bd00000| Complete 
| 396|0x000000009be00000, 0x000000009bf00000, 0x000000009bf00000|100%|HC|  |TAMS 0x000000009bf00000, 0x000000009be00000| Complete 
| 397|0x000000009bf00000, 0x000000009c000000, 0x000000009c000000|100%|HC|  |TAMS 0x000000009c000000, 0x000000009bf00000| Complete 
| 398|0x000000009c000000, 0x000000009c100000, 0x000000009c100000|100%|HC|  |TAMS 0x000000009c100000, 0x000000009c000000| Complete 
| 399|0x000000009c100000, 0x000000009c200000, 0x000000009c200000|100%|HC|  |TAMS 0x000000009c200000, 0x000000009c100000| Complete 
| 400|0x000000009c200000, 0x000000009c300000, 0x000000009c300000|100%|HC|  |TAMS 0x000000009c300000, 0x000000009c200000| Complete 
| 401|0x000000009c300000, 0x000000009c400000, 0x000000009c400000|100%|HC|  |TAMS 0x000000009c400000, 0x000000009c300000| Complete 
| 402|0x000000009c400000, 0x000000009c500000, 0x000000009c500000|100%|HC|  |TAMS 0x000000009c500000, 0x000000009c400000| Complete 
| 403|0x000000009c500000, 0x000000009c600000, 0x000000009c600000|100%|HC|  |TAMS 0x000000009c600000, 0x000000009c500000| Complete 
| 404|0x000000009c600000, 0x000000009c700000, 0x000000009c700000|100%|HC|  |TAMS 0x000000009c700000, 0x000000009c600000| Complete 
| 405|0x000000009c700000, 0x000000009c800000, 0x000000009c800000|100%|HC|  |TAMS 0x000000009c800000, 0x000000009c700000| Complete 
| 406|0x000000009c800000, 0x000000009c900000, 0x000000009c900000|100%|HC|  |TAMS 0x000000009c900000, 0x000000009c800000| Complete 
| 407|0x000000009c900000, 0x000000009ca00000, 0x000000009ca00000|100%|HC|  |TAMS 0x000000009ca00000, 0x000000009c900000| Complete 
| 408|0x000000009ca00000, 0x000000009cb00000, 0x000000009cb00000|100%|HC|  |TAMS 0x000000009cb00000, 0x000000009ca00000| Complete 
| 409|0x000000009cb00000, 0x000000009cc00000, 0x000000009cc00000|100%|HC|  |TAMS 0x000000009cc00000, 0x000000009cb00000| Complete 
| 410|0x000000009cc00000, 0x000000009cd00000, 0x000000009cd00000|100%|HC|  |TAMS 0x000000009cd00000, 0x000000009cc00000| Complete 
| 411|0x000000009cd00000, 0x000000009ce00000, 0x000000009ce00000|100%|HC|  |TAMS 0x000000009ce00000, 0x000000009cd00000| Complete 
| 412|0x000000009ce00000, 0x000000009cf00000, 0x000000009cf00000|100%|HC|  |TAMS 0x000000009cf00000, 0x000000009ce00000| Complete 
| 413|0x000000009cf00000, 0x000000009d000000, 0x000000009d000000|100%|HC|  |TAMS 0x000000009d000000, 0x000000009cf00000| Complete 
| 414|0x000000009d000000, 0x000000009d100000, 0x000000009d100000|100%|HC|  |TAMS 0x000000009d100000, 0x000000009d000000| Complete 
| 415|0x000000009d100000, 0x000000009d200000, 0x000000009d200000|100%|HC|  |TAMS 0x000000009d200000, 0x000000009d100000| Complete 
| 416|0x000000009d200000, 0x000000009d300000, 0x000000009d300000|100%|HC|  |TAMS 0x000000009d300000, 0x000000009d200000| Complete 
| 417|0x000000009d300000, 0x000000009d400000, 0x000000009d400000|100%|HC|  |TAMS 0x000000009d400000, 0x000000009d300000| Complete 
| 418|0x000000009d400000, 0x000000009d500000, 0x000000009d500000|100%|HC|  |TAMS 0x000000009d500000, 0x000000009d400000| Complete 
| 419|0x000000009d500000, 0x000000009d600000, 0x000000009d600000|100%|HC|  |TAMS 0x000000009d600000, 0x000000009d500000| Complete 
| 420|0x000000009d600000, 0x000000009d700000, 0x000000009d700000|100%|HC|  |TAMS 0x000000009d700000, 0x000000009d600000| Complete 
| 421|0x000000009d700000, 0x000000009d800000, 0x000000009d800000|100%|HC|  |TAMS 0x000000009d800000, 0x000000009d700000| Complete 
| 422|0x000000009d800000, 0x000000009d900000, 0x000000009d900000|100%|HC|  |TAMS 0x000000009d900000, 0x000000009d800000| Complete 
| 423|0x000000009d900000, 0x000000009da00000, 0x000000009da00000|100%|HC|  |TAMS 0x000000009da00000, 0x000000009d900000| Complete 
| 424|0x000000009da00000, 0x000000009db00000, 0x000000009db00000|100%|HC|  |TAMS 0x000000009db00000, 0x000000009da00000| Complete 
| 425|0x000000009db00000, 0x000000009dc00000, 0x000000009dc00000|100%|HC|  |TAMS 0x000000009dc00000, 0x000000009db00000| Complete 
| 426|0x000000009dc00000, 0x000000009dd00000, 0x000000009dd00000|100%|HC|  |TAMS 0x000000009dd00000, 0x000000009dc00000| Complete 
| 427|0x000000009dd00000, 0x000000009de00000, 0x000000009de00000|100%|HC|  |TAMS 0x000000009de00000, 0x000000009dd00000| Complete 
| 428|0x000000009de00000, 0x000000009df00000, 0x000000009df00000|100%|HC|  |TAMS 0x000000009df00000, 0x000000009de00000| Complete 
| 429|0x000000009df00000, 0x000000009e000000, 0x000000009e000000|100%|HC|  |TAMS 0x000000009e000000, 0x000000009df00000| Complete 
| 430|0x000000009e000000, 0x000000009e100000, 0x000000009e100000|100%|HC|  |TAMS 0x000000009e100000, 0x000000009e000000| Complete 
| 431|0x000000009e100000, 0x000000009e200000, 0x000000009e200000|100%|HC|  |TAMS 0x000000009e200000, 0x000000009e100000| Complete 
| 432|0x000000009e200000, 0x000000009e300000, 0x000000009e300000|100%|HC|  |TAMS 0x000000009e300000, 0x000000009e200000| Complete 
| 433|0x000000009e300000, 0x000000009e400000, 0x000000009e400000|100%|HC|  |TAMS 0x000000009e400000, 0x000000009e300000| Complete 
| 434|0x000000009e400000, 0x000000009e500000, 0x000000009e500000|100%|HC|  |TAMS 0x000000009e500000, 0x000000009e400000| Complete 
| 435|0x000000009e500000, 0x000000009e600000, 0x000000009e600000|100%|HC|  |TAMS 0x000000009e600000, 0x000000009e500000| Complete 
| 436|0x000000009e600000, 0x000000009e700000, 0x000000009e700000|100%|HC|  |TAMS 0x000000009e700000, 0x000000009e600000| Complete 
| 437|0x000000009e700000, 0x000000009e800000, 0x000000009e800000|100%|HC|  |TAMS 0x000000009e800000, 0x000000009e700000| Complete 
| 438|0x000000009e800000, 0x000000009e900000, 0x000000009e900000|100%|HC|  |TAMS 0x000000009e900000, 0x000000009e800000| Complete 
| 439|0x000000009e900000, 0x000000009ea00000, 0x000000009ea00000|100%|HC|  |TAMS 0x000000009ea00000, 0x000000009e900000| Complete 
| 440|0x000000009ea00000, 0x000000009eb00000, 0x000000009eb00000|100%|HC|  |TAMS 0x000000009eb00000, 0x000000009ea00000| Complete 
| 441|0x000000009eb00000, 0x000000009ec00000, 0x000000009ec00000|100%|HC|  |TAMS 0x000000009ec00000, 0x000000009eb00000| Complete 
| 442|0x000000009ec00000, 0x000000009ed00000, 0x000000009ed00000|100%|HC|  |TAMS 0x000000009ed00000, 0x000000009ec00000| Complete 
| 443|0x000000009ed00000, 0x000000009ee00000, 0x000000009ee00000|100%|HC|  |TAMS 0x000000009ee00000, 0x000000009ed00000| Complete 
| 444|0x000000009ee00000, 0x000000009ef00000, 0x000000009ef00000|100%|HC|  |TAMS 0x000000009ef00000, 0x000000009ee00000| Complete 

Card table byte_map: [0x000001a6524f0000,0x000001a6528e0000] _byte_map_base: 0x000001a6520d7000

Marking Bits (Prev, Next): (CMBitMap*) 0x000001a63b2c25f0, (CMBitMap*) 0x000001a63b2c2630
 Prev Bits: [0x000001a652cd0000, 0x000001a654c08000)
 Next Bits: [0x000001a654c10000, 0x000001a656b48000)

Polling page: 0x000001a639180000

Metaspace:

Usage:
  Non-class:     28.16 MB used.
      Class:      4.00 MB used.
       Both:     32.16 MB used.

Virtual space:
  Non-class space:       64.00 MB reserved,      28.31 MB ( 44%) committed,  1 nodes.
      Class space:        1.00 GB reserved,       4.19 MB ( <1%) committed,  1 nodes.
             Both:        1.06 GB reserved,      32.50 MB (  3%) committed. 

Chunk freelists:
   Non-Class:  3.56 MB
       Class:  11.72 MB
        Both:  15.28 MB

MaxMetaspaceSize: unlimited
CompressedClassSpaceSize: 1.00 GB
Initial GC threshold: 21.00 MB
Current GC threshold: 52.50 MB
CDS: on
MetaspaceReclaimPolicy: balanced
 - commit_granule_bytes: 65536.
 - commit_granule_words: 8192.
 - virtual_space_node_default_size: 8388608.
 - enlarge_chunks_in_place: 1.
 - new_chunks_are_fully_committed: 0.
 - uncommit_free_chunks: 1.
 - use_allocation_guard: 0.
 - handle_deallocations: 1.


Internal statistics:

num_allocs_failed_limit: 0.
num_arena_births: 450.
num_arena_deaths: 0.
num_vsnodes_births: 2.
num_vsnodes_deaths: 0.
num_space_committed: 520.
num_space_uncommitted: 0.
num_chunks_returned_to_freelist: 0.
num_chunks_taken_from_freelist: 1498.
num_chunk_merges: 0.
num_chunk_splits: 969.
num_chunks_enlarged: 662.
num_inconsistent_stats: 0.

CodeHeap 'non-profiled nmethods': size=120000Kb used=6928Kb max_used=7027Kb free=113071Kb
 bounds [0x000001a64a8a0000, 0x000001a64af80000, 0x000001a651dd0000]
CodeHeap 'profiled nmethods': size=120000Kb used=15528Kb max_used=16473Kb free=104471Kb
 bounds [0x000001a642dd0000, 0x000001a643e00000, 0x000001a64a300000]
CodeHeap 'non-nmethods': size=5760Kb used=1562Kb max_used=1627Kb free=4197Kb
 bounds [0x000001a64a300000, 0x000001a64a570000, 0x000001a64a8a0000]
 total_blobs=9042 nmethods=8108 adapters=846
 compilation: enabled
              stopped_count=0, restarted_count=0
 full_count=0

Compilation events (20 events):
Event: 171.290 Thread 0x000001a659577f80 10128       4       com.sun.javafx.geom.RoundRectangle2D::contains (189 bytes)
Event: 171.292 Thread 0x000001a659577f80 nmethod 10128 0x000001a64aed7290 code [0x000001a64aed7460, 0x000001a64aed7798]
Event: 171.336 Thread 0x000001a659577f80 10129       4       com.sun.javafx.sg.prism.NGNode::computeNodeRenderRoot (112 bytes)
Event: 171.353 Thread 0x000001a659577f80 nmethod 10129 0x000001a64adc1d90 code [0x000001a64adc2280, 0x000001a64adc4060]
Event: 171.370 Thread 0x000001a659577f80 10130       4       com.sun.javafx.sg.prism.NGNode::clearDirtyTree (84 bytes)
Event: 171.371 Thread 0x000001a659582ed0 10131       3       com.sun.javafx.tk.quantum.ViewScene::setCursor (16 bytes)
Event: 171.374 Thread 0x000001a659582ed0 nmethod 10131 0x000001a643825f90 code [0x000001a643826220, 0x000001a643826d58]
Event: 171.374 Thread 0x000001a659582ed0 10132       3       com.sun.javafx.tk.quantum.GlassScene::setCursor (1 bytes)
Event: 171.374 Thread 0x000001a659582ed0 nmethod 10132 0x000001a6431fda10 code [0x000001a6431fdba0, 0x000001a6431fdcb8]
Event: 171.377 Thread 0x000001a659577f80 nmethod 10130 0x000001a64adc0e90 code [0x000001a64adc10a0, 0x000001a64adc1610]
Event: 171.458 Thread 0x000001a659577f80 10133       4       com.sun.prism.d3d.D3DSwapChain::getPhysicalWidth (11 bytes)
Event: 171.459 Thread 0x000001a659577f80 nmethod 10133 0x000001a64aed6f90 code [0x000001a64aed7120, 0x000001a64aed71c8]
Event: 171.511 Thread 0x000001a659582ed0 10134       3       javafx.scene.layout.BorderPane::getContentBias (164 bytes)
Event: 171.512 Thread 0x000001a659582ed0 nmethod 10134 0x000001a643915e10 code [0x000001a6439162a0, 0x000001a643919178]
Event: 171.557 Thread 0x000001a659577f80 10135       4       com.sun.javafx.geom.transform.AffineBase::setTransform (43 bytes)
Event: 171.559 Thread 0x000001a659577f80 nmethod 10135 0x000001a64aed6a10 code [0x000001a64aed6be0, 0x000001a64aed6e38]
Event: 172.067 Thread 0x000001a659577f80 10136   !   4       jdk.internal.ref.Cleaner::clean (35 bytes)
Event: 172.072 Thread 0x000001a659577f80 nmethod 10136 0x000001a64ae48110 code [0x000001a64ae482c0, 0x000001a64ae48a48]
Event: 172.072 Thread 0x000001a659577f80 10137  s    4       jdk.internal.ref.Cleaner::remove (89 bytes)
Event: 172.075 Thread 0x000001a659577f80 nmethod 10137 0x000001a64aed6090 code [0x000001a64aed6220, 0x000001a64aed6858]

GC Heap History (20 events):
Event: 69.070 GC heap before
{Heap before GC invocations=26 (full 0):
 garbage-first heap   total 285696K, used 188672K [0x0000000083200000, 0x0000000100000000)
  region size 1024K, 16 young (16384K), 2 survivors (2048K)
 Metaspace       used 31470K, committed 31744K, reserved 1114112K
  class space    used 3933K, committed 4096K, reserved 1048576K
}
Event: 69.072 GC heap after
{Heap after GC invocations=27 (full 0):
 garbage-first heap   total 285696K, used 176418K [0x0000000083200000, 0x0000000100000000)
  region size 1024K, 3 young (3072K), 3 survivors (3072K)
 Metaspace       used 31470K, committed 31744K, reserved 1114112K
  class space    used 3933K, committed 4096K, reserved 1048576K
}
Event: 84.746 GC heap before
{Heap before GC invocations=28 (full 0):
 garbage-first heap   total 302080K, used 244002K [0x0000000083200000, 0x0000000100000000)
  region size 1024K, 55 young (56320K), 3 survivors (3072K)
 Metaspace       used 31723K, committed 32064K, reserved 1114112K
  class space    used 3942K, committed 4096K, reserved 1048576K
}
Event: 84.748 GC heap after
{Heap after GC invocations=29 (full 0):
 garbage-first heap   total 302080K, used 177579K [0x0000000083200000, 0x0000000100000000)
  region size 1024K, 5 young (5120K), 5 survivors (5120K)
 Metaspace       used 31723K, committed 32064K, reserved 1114112K
  class space    used 3942K, committed 4096K, reserved 1048576K
}
Event: 85.743 GC heap before
{Heap before GC invocations=29 (full 0):
 garbage-first heap   total 302080K, used 185771K [0x0000000083200000, 0x0000000100000000)
  region size 1024K, 14 young (14336K), 5 survivors (5120K)
 Metaspace       used 31802K, committed 32128K, reserved 1114112K
  class space    used 3949K, committed 4096K, reserved 1048576K
}
Event: 85.746 GC heap after
{Heap after GC invocations=30 (full 0):
 garbage-first heap   total 302080K, used 177254K [0x0000000083200000, 0x0000000100000000)
  region size 1024K, 2 young (2048K), 2 survivors (2048K)
 Metaspace       used 31802K, committed 32128K, reserved 1114112K
  class space    used 3949K, committed 4096K, reserved 1048576K
}
Event: 112.105 GC heap before
{Heap before GC invocations=30 (full 0):
 garbage-first heap   total 302080K, used 244838K [0x0000000083200000, 0x0000000100000000)
  region size 1024K, 68 young (69632K), 2 survivors (2048K)
 Metaspace       used 31889K, committed 32256K, reserved 1114112K
  class space    used 3950K, committed 4096K, reserved 1048576K
}
Event: 112.110 GC heap after
{Heap after GC invocations=31 (full 0):
 garbage-first heap   total 302080K, used 183593K [0x0000000083200000, 0x0000000100000000)
  region size 1024K, 9 young (9216K), 9 survivors (9216K)
 Metaspace       used 31889K, committed 32256K, reserved 1114112K
  class space    used 3950K, committed 4096K, reserved 1048576K
}
Event: 130.890 GC heap before
{Heap before GC invocations=32 (full 0):
 garbage-first heap   total 302080K, used 246057K [0x0000000083200000, 0x0000000100000000)
  region size 1024K, 71 young (72704K), 9 survivors (9216K)
 Metaspace       used 31978K, committed 32384K, reserved 1114112K
  class space    used 3955K, committed 4160K, reserved 1048576K
}
Event: 130.914 GC heap after
{Heap after GC invocations=33 (full 0):
 garbage-first heap   total 302080K, used 187965K [0x0000000083200000, 0x0000000100000000)
  region size 1024K, 6 young (6144K), 6 survivors (6144K)
 Metaspace       used 31978K, committed 32384K, reserved 1114112K
  class space    used 3955K, committed 4160K, reserved 1048576K
}
Event: 130.947 GC heap before
{Heap before GC invocations=33 (full 0):
 garbage-first heap   total 302080K, used 196157K [0x0000000083200000, 0x0000000100000000)
  region size 1024K, 14 young (14336K), 6 survivors (6144K)
 Metaspace       used 32000K, committed 32384K, reserved 1114112K
  class space    used 3955K, committed 4160K, reserved 1048576K
}
Event: 130.953 GC heap after
{Heap after GC invocations=34 (full 0):
 garbage-first heap   total 302080K, used 186104K [0x0000000083200000, 0x0000000100000000)
  region size 1024K, 2 young (2048K), 2 survivors (2048K)
 Metaspace       used 32000K, committed 32384K, reserved 1114112K
  class space    used 3955K, committed 4160K, reserved 1048576K
}
Event: 145.372 GC heap before
{Heap before GC invocations=34 (full 0):
 garbage-first heap   total 302080K, used 218872K [0x0000000083200000, 0x0000000100000000)
  region size 1024K, 35 young (35840K), 2 survivors (2048K)
 Metaspace       used 32022K, committed 32384K, reserved 1114112K
  class space    used 3955K, committed 4160K, reserved 1048576K
}
Event: 145.375 GC heap after
{Heap after GC invocations=35 (full 0):
 garbage-first heap   total 302080K, used 187121K [0x0000000083200000, 0x0000000100000000)
  region size 1024K, 3 young (3072K), 3 survivors (3072K)
 Metaspace       used 32022K, committed 32384K, reserved 1114112K
  class space    used 3955K, committed 4160K, reserved 1048576K
}
Event: 158.091 GC heap before
{Heap before GC invocations=36 (full 0):
 garbage-first heap   total 455680K, used 417521K [0x0000000083200000, 0x0000000100000000)
  region size 1024K, 67 young (68608K), 3 survivors (3072K)
 Metaspace       used 32882K, committed 33280K, reserved 1114112K
  class space    used 4097K, committed 4288K, reserved 1048576K
}
Event: 158.107 GC heap after
{Heap after GC invocations=37 (full 0):
 garbage-first heap   total 455680K, used 297730K [0x0000000083200000, 0x0000000100000000)
  region size 1024K, 9 young (9216K), 9 survivors (9216K)
 Metaspace       used 32882K, committed 33280K, reserved 1114112K
  class space    used 4097K, committed 4288K, reserved 1048576K
}
Event: 163.110 GC heap before
{Heap before GC invocations=37 (full 0):
 garbage-first heap   total 455680K, used 373506K [0x0000000083200000, 0x0000000100000000)
  region size 1024K, 22 young (22528K), 9 survivors (9216K)
 Metaspace       used 32921K, committed 33280K, reserved 1114112K
  class space    used 4098K, committed 4288K, reserved 1048576K
}
Event: 163.121 GC heap after
{Heap after GC invocations=38 (full 0):
 garbage-first heap   total 455680K, used 352711K [0x0000000083200000, 0x0000000100000000)
  region size 1024K, 3 young (3072K), 3 survivors (3072K)
 Metaspace       used 32921K, committed 33280K, reserved 1114112K
  class space    used 4098K, committed 4288K, reserved 1048576K
}
Event: 172.056 GC heap before
{Heap before GC invocations=38 (full 0):
 garbage-first heap   total 455680K, used 391623K [0x0000000083200000, 0x0000000100000000)
  region size 1024K, 41 young (41984K), 3 survivors (3072K)
 Metaspace       used 32930K, committed 33280K, reserved 1114112K
  class space    used 4098K, committed 4288K, reserved 1048576K
}
Event: 172.065 GC heap after
{Heap after GC invocations=39 (full 0):
 garbage-first heap   total 455680K, used 353654K [0x0000000083200000, 0x0000000100000000)
  region size 1024K, 4 young (4096K), 4 survivors (4096K)
 Metaspace       used 32930K, committed 33280K, reserved 1114112K
  class space    used 4098K, committed 4288K, reserved 1048576K
}

Dll operation events (20 events):
Event: 0.241 Loaded shared library C:\Users\STAR\.openjfx\cache\21.0.2+5\amd64\api-ms-win-crt-private-l1-1-0.dll
Event: 0.243 Loaded shared library C:\Users\STAR\.openjfx\cache\21.0.2+5\amd64\api-ms-win-crt-process-l1-1-0.dll
Event: 0.245 Loaded shared library C:\Users\STAR\.openjfx\cache\21.0.2+5\amd64\api-ms-win-crt-runtime-l1-1-0.dll
Event: 0.246 Loaded shared library C:\Users\STAR\.openjfx\cache\21.0.2+5\amd64\api-ms-win-crt-stdio-l1-1-0.dll
Event: 0.248 Loaded shared library C:\Users\STAR\.openjfx\cache\21.0.2+5\amd64\api-ms-win-crt-string-l1-1-0.dll
Event: 0.250 Loaded shared library C:\Users\STAR\.openjfx\cache\21.0.2+5\amd64\api-ms-win-crt-time-l1-1-0.dll
Event: 0.252 Loaded shared library C:\Users\STAR\.openjfx\cache\21.0.2+5\amd64\api-ms-win-crt-utility-l1-1-0.dll
Event: 0.264 Loaded shared library C:\Users\STAR\.openjfx\cache\21.0.2+5\amd64\ucrtbase.dll
Event: 0.267 Loaded shared library C:\Users\STAR\.openjfx\cache\21.0.2+5\amd64\vcruntime140.dll
Event: 0.269 Loaded shared library C:\Users\STAR\.openjfx\cache\21.0.2+5\amd64\vcruntime140_1.dll
Event: 0.276 Loaded shared library C:\Users\STAR\.openjfx\cache\21.0.2+5\amd64\msvcp140.dll
Event: 0.279 Loaded shared library C:\Users\STAR\.openjfx\cache\21.0.2+5\amd64\msvcp140_1.dll
Event: 0.283 Loaded shared library C:\Users\STAR\.openjfx\cache\21.0.2+5\amd64\msvcp140_2.dll
Event: 0.317 Loaded shared library C:\Users\STAR\.openjfx\cache\21.0.2+5\amd64\prism_d3d.dll
Event: 0.384 Loaded shared library C:\Users\STAR\.openjfx\cache\21.0.2+5\amd64\glass.dll
Event: 0.494 Loaded shared library C:\Program Files\Eclipse Adoptium\jdk-17.0.18.8-hotspot\bin\jimage.dll
Event: 0.625 Loaded shared library C:\Program Files\Eclipse Adoptium\jdk-17.0.18.8-hotspot\bin\extnet.dll
Event: 0.807 Loaded shared library C:\Program Files\Eclipse Adoptium\jdk-17.0.18.8-hotspot\bin\sunmscapi.dll
Event: 1.120 Loaded shared library C:\Users\STAR\.openjfx\cache\21.0.2+5\amd64\javafx_font.dll
Event: 1.214 Loaded shared library C:\Users\STAR\.openjfx\cache\21.0.2+5\amd64\javafx_iio.dll

Deoptimization events (20 events):
Event: 154.888 Thread 0x000001a6597b6d00 Uncommon trap: trap_request=0xffffff45 fr.pc=0x000001a64ac44470 relative=0x0000000000000e70
Event: 154.888 Thread 0x000001a6597b6d00 Uncommon trap: reason=unstable_if action=reinterpret pc=0x000001a64ac44470 method=com.sun.javafx.geom.RectBounds.contains(Lcom/sun/javafx/geom/RectBounds;)Z @ 4 c2
Event: 154.888 Thread 0x000001a6597b6d00 DEOPT PACKING pc=0x000001a64ac44470 sp=0x00000095cedfe290
Event: 154.889 Thread 0x000001a6597b6d00 DEOPT UNPACKING pc=0x000001a64a35a1a3 sp=0x00000095cedfe0a8 mode 2
Event: 155.160 Thread 0x000001a6597b6d00 Uncommon trap: trap_request=0xffffff45 fr.pc=0x000001a64aca4fd8 relative=0x00000000000000b8
Event: 155.160 Thread 0x000001a6597b6d00 Uncommon trap: reason=unstable_if action=reinterpret pc=0x000001a64aca4fd8 method=com.sun.javafx.geom.RectBounds.contains(Lcom/sun/javafx/geom/RectBounds;)Z @ 4 c2
Event: 155.160 Thread 0x000001a6597b6d00 DEOPT PACKING pc=0x000001a64aca4fd8 sp=0x00000095cedfdf40
Event: 155.160 Thread 0x000001a6597b6d00 DEOPT UNPACKING pc=0x000001a64a35a1a3 sp=0x00000095cedfded0 mode 2
Event: 156.488 Thread 0x000001a6597b6d00 Uncommon trap: trap_request=0xffffffde fr.pc=0x000001a64af5863c relative=0x0000000000000b3c
Event: 156.488 Thread 0x000001a6597b6d00 Uncommon trap: reason=class_check action=maybe_recompile pc=0x000001a64af5863c method=com.sun.javafx.sg.prism.NGNode.computeDirtyRegion(Lcom/sun/javafx/geom/RectBounds;Lcom/sun/javafx/geom/transform/BaseTransform;Lcom/sun/javafx/geom/transform/GeneralTran
Event: 156.488 Thread 0x000001a6597b6d00 DEOPT PACKING pc=0x000001a64af5863c sp=0x00000095cedfdfa0
Event: 156.488 Thread 0x000001a6597b6d00 DEOPT UNPACKING pc=0x000001a64a35a1a3 sp=0x00000095cedfde50 mode 2
Event: 157.639 Thread 0x000001a6597b6d00 Uncommon trap: trap_request=0xffffffde fr.pc=0x000001a64af5863c relative=0x0000000000000b3c
Event: 157.639 Thread 0x000001a6597b6d00 Uncommon trap: reason=class_check action=maybe_recompile pc=0x000001a64af5863c method=com.sun.javafx.sg.prism.NGNode.computeDirtyRegion(Lcom/sun/javafx/geom/RectBounds;Lcom/sun/javafx/geom/transform/BaseTransform;Lcom/sun/javafx/geom/transform/GeneralTran
Event: 157.639 Thread 0x000001a6597b6d00 DEOPT PACKING pc=0x000001a64af5863c sp=0x00000095cedfe170
Event: 157.639 Thread 0x000001a6597b6d00 DEOPT UNPACKING pc=0x000001a64a35a1a3 sp=0x00000095cedfe020 mode 2
Event: 161.366 Thread 0x000001a6597b53b0 DEOPT PACKING pc=0x000001a642e1b077 sp=0x00000095ceffc160
Event: 161.366 Thread 0x000001a6597b53b0 DEOPT UNPACKING pc=0x000001a64a35ace3 sp=0x00000095ceffb5d0 mode 0
Event: 161.562 Thread 0x000001a6597b53b0 DEOPT PACKING pc=0x000001a642e1b077 sp=0x00000095ceffc060
Event: 161.562 Thread 0x000001a6597b53b0 DEOPT UNPACKING pc=0x000001a64a35ace3 sp=0x00000095ceffb4d0 mode 0

Classes loaded (20 events):
Event: 20.407 Loading class sun/text/SupplementaryCharacterData
Event: 20.407 Loading class sun/text/SupplementaryCharacterData done
Event: 20.407 Loading class java/text/BreakIterator$BreakIteratorCache
Event: 20.407 Loading class java/text/BreakIterator$BreakIteratorCache done
Event: 20.407 Loading class java/text/StringCharacterIterator
Event: 20.407 Loading class java/text/StringCharacterIterator done
Event: 20.580 Loading class java/lang/FdLibm$Cbrt
Event: 20.580 Loading class java/lang/FdLibm$Cbrt done
Event: 22.904 Loading class jdk/internal/access/foreign/MemorySegmentProxy
Event: 22.904 Loading class jdk/internal/access/foreign/MemorySegmentProxy done
Event: 22.905 Loading class java/util/stream/ReduceOps$5
Event: 22.906 Loading class java/util/stream/ReduceOps$5 done
Event: 22.906 Loading class java/util/stream/ReduceOps$CountingSink$OfRef
Event: 22.907 Loading class java/util/stream/ReduceOps$CountingSink
Event: 22.907 Loading class java/util/stream/ReduceOps$CountingSink done
Event: 22.907 Loading class java/util/stream/ReduceOps$CountingSink$OfRef done
Event: 27.461 Loading class java/text/ChoiceFormat
Event: 27.461 Loading class java/text/ChoiceFormat done
Event: 27.461 Loading class java/text/FieldPosition$Delegate
Event: 27.462 Loading class java/text/FieldPosition$Delegate done

Classes unloaded (0 events):
No events

Classes redefined (0 events):
No events

Internal exceptions (20 events):
Event: 130.878 Thread 0x000001a6597b53b0 Exception <a 'java/io/FileNotFoundException'{0x0000000091e5e828}> (0x0000000091e5e828) 
thrown [s\src\hotspot\share\prims\jni.cpp, line 516]
Event: 145.793 Thread 0x000001a6597b53b0 Exception <a 'java/io/FileNotFoundException'{0x00000000957b4f88}> (0x00000000957b4f88) 
thrown [s\src\hotspot\share\prims\jni.cpp, line 516]
Event: 145.794 Thread 0x000001a6597b53b0 Exception <a 'java/io/FileNotFoundException'{0x00000000957f01c0}> (0x00000000957f01c0) 
thrown [s\src\hotspot\share\prims\jni.cpp, line 516]
Event: 150.797 Thread 0x000001a6597b53b0 Implicit null exception at 0x000001a64ad1e276 to 0x000001a64ad27468
Event: 150.852 Thread 0x000001a6597b6d00 Implicit null exception at 0x000001a64ac278bc to 0x000001a64ac289f4
Event: 150.852 Thread 0x000001a6597b6d00 Implicit null exception at 0x000001a64ac3714a to 0x000001a64ac3bf10
Event: 153.034 Thread 0x000001a6597b53b0 Implicit null exception at 0x000001a64abbdfe0 to 0x000001a64abbeb00
Event: 153.073 Thread 0x000001a6597b53b0 Exception <a 'java/lang/NoSuchMethodError'{0x0000000093f025e0}: 'void java.lang.invoke.DirectMethodHandle$Holder.invokeInterface(java.lang.Object, java.lang.Object)'> (0x0000000093f025e0) 
thrown [s\src\hotspot\share\interpreter\linkResolver.cpp, line 759]
Event: 153.080 Thread 0x000001a6597b53b0 Exception <a 'java/io/FileNotFoundException'{0x0000000093f1a2f0}> (0x0000000093f1a2f0) 
thrown [s\src\hotspot\share\prims\jni.cpp, line 516]
Event: 153.082 Thread 0x000001a6597b53b0 Exception <a 'java/io/FileNotFoundException'{0x0000000093f646c0}> (0x0000000093f646c0) 
thrown [s\src\hotspot\share\prims\jni.cpp, line 516]
Event: 153.083 Thread 0x000001a6597b53b0 Exception <a 'java/io/FileNotFoundException'{0x0000000093fe0118}> (0x0000000093fe0118) 
thrown [s\src\hotspot\share\prims\jni.cpp, line 516]
Event: 153.084 Thread 0x000001a6597b53b0 Exception <a 'java/io/FileNotFoundException'{0x0000000093e7aad0}> (0x0000000093e7aad0) 
thrown [s\src\hotspot\share\prims\jni.cpp, line 516]
Event: 153.113 Thread 0x000001a6597b53b0 Implicit null exception at 0x000001a64af36b8a to 0x000001a64af39460
Event: 153.133 Thread 0x000001a6597b53b0 Implicit null exception at 0x000001a64abf2c6f to 0x000001a64abf5e44
Event: 153.133 Thread 0x000001a6597b53b0 Implicit null exception at 0x000001a64aa23c40 to 0x000001a64aa24750
Event: 153.133 Thread 0x000001a6597b53b0 Implicit null exception at 0x000001a64aab7b9e to 0x000001a64aab7bec
Event: 157.998 Thread 0x000001a6597b53b0 Exception <a 'java/io/FileNotFoundException'{0x000000009223e150}> (0x000000009223e150) 
thrown [s\src\hotspot\share\prims\jni.cpp, line 516]
Event: 158.000 Thread 0x000001a6597b53b0 Exception <a 'java/io/FileNotFoundException'{0x00000000922780f0}> (0x00000000922780f0) 
thrown [s\src\hotspot\share\prims\jni.cpp, line 516]
Event: 161.747 Thread 0x000001a6597b53b0 Exception <a 'java/io/FileNotFoundException'{0x00000000953345b0}> (0x00000000953345b0) 
thrown [s\src\hotspot\share\prims\jni.cpp, line 516]
Event: 161.748 Thread 0x000001a6597b53b0 Exception <a 'java/io/FileNotFoundException'{0x000000009536fa58}> (0x000000009536fa58) 
thrown [s\src\hotspot\share\prims\jni.cpp, line 516]

VM Operations (20 events):
Event: 160.108 Executing VM operation: Cleanup done
Event: 161.109 Executing VM operation: Cleanup
Event: 161.109 Executing VM operation: Cleanup done
Event: 163.109 Executing VM operation: G1CollectForAllocation
Event: 163.121 Executing VM operation: G1CollectForAllocation done
Event: 165.122 Executing VM operation: Cleanup
Event: 165.122 Executing VM operation: Cleanup done
Event: 166.123 Executing VM operation: Cleanup
Event: 166.123 Executing VM operation: Cleanup done
Event: 167.123 Executing VM operation: Cleanup
Event: 167.123 Executing VM operation: Cleanup done
Event: 168.123 Executing VM operation: Cleanup
Event: 168.123 Executing VM operation: Cleanup done
Event: 169.123 Executing VM operation: Cleanup
Event: 169.124 Executing VM operation: Cleanup done
Event: 171.125 Executing VM operation: Cleanup
Event: 171.125 Executing VM operation: Cleanup done
Event: 172.056 Executing VM operation: G1CollectForAllocation
Event: 172.065 Executing VM operation: G1CollectForAllocation done
Event: 172.117 Executing VM operation: G1PauseRemark

Memory protections (0 events):
No events

Nmethod flushes (20 events):
Event: 153.185 Thread 0x000001a659580de0 flushing  nmethod 0x000001a643a76c10
Event: 153.185 Thread 0x000001a659580de0 flushing  nmethod 0x000001a643a77910
Event: 153.185 Thread 0x000001a659580de0 flushing  nmethod 0x000001a643a95410
Event: 153.185 Thread 0x000001a659580de0 flushing  nmethod 0x000001a643ac0090
Event: 153.185 Thread 0x000001a659580de0 flushing  nmethod 0x000001a643ae9590
Event: 153.185 Thread 0x000001a659580de0 flushing  nmethod 0x000001a643afd190
Event: 153.185 Thread 0x000001a659580de0 flushing  nmethod 0x000001a643b03990
Event: 153.185 Thread 0x000001a659580de0 flushing  nmethod 0x000001a643b18a10
Event: 153.185 Thread 0x000001a659580de0 flushing  nmethod 0x000001a643b46810
Event: 153.185 Thread 0x000001a659580de0 flushing  nmethod 0x000001a643b54310
Event: 153.185 Thread 0x000001a659580de0 flushing  nmethod 0x000001a643bb1b90
Event: 153.186 Thread 0x000001a659580de0 flushing  nmethod 0x000001a643bc9210
Event: 153.186 Thread 0x000001a659580de0 flushing  nmethod 0x000001a643be4210
Event: 153.186 Thread 0x000001a659580de0 flushing  nmethod 0x000001a643c41d90
Event: 153.186 Thread 0x000001a659580de0 flushing  nmethod 0x000001a643c6b790
Event: 153.186 Thread 0x000001a659580de0 flushing  nmethod 0x000001a643c8d410
Event: 153.186 Thread 0x000001a659580de0 flushing  nmethod 0x000001a643d51910
Event: 153.186 Thread 0x000001a659580de0 flushing  nmethod 0x000001a643d69210
Event: 153.186 Thread 0x000001a659580de0 flushing osr nmethod 0x000001a643d7ba90
Event: 153.186 Thread 0x000001a659580de0 flushing  nmethod 0x000001a643da1f10

Events (20 events):
Event: 75.365 Thread 0x000001a659582ed0 Thread added: 0x000001a6a5468e30
Event: 75.905 Thread 0x000001a6a5468e30 Thread exited: 0x000001a6a5468e30
Event: 85.763 Thread 0x000001a659577f80 Thread added: 0x000001a6a5468e30
Event: 86.244 Thread 0x000001a6a5468e30 Thread exited: 0x000001a6a5468e30
Event: 94.970 Thread 0x000001a659577f80 Thread added: 0x000001a6a5468e30
Event: 97.987 Thread 0x000001a6a5468e30 Thread exited: 0x000001a6a5468e30
Event: 102.631 Thread 0x000001a659582ed0 Thread added: 0x000001a6a5468e30
Event: 103.420 Thread 0x000001a6a5468e30 Thread exited: 0x000001a6a5468e30
Event: 145.819 Thread 0x000001a659582ed0 Thread added: 0x000001a6a5468e30
Event: 147.236 Thread 0x000001a6a5468e30 Thread exited: 0x000001a6a5468e30
Event: 153.076 Thread 0x000001a6597b53b0 Thread added: 0x000001a6a57ab390
Event: 153.084 Thread 0x000001a6a57ab390 Thread exited: 0x000001a6a57ab390
Event: 153.124 Thread 0x000001a659582ed0 Thread added: 0x000001a6a5468e30
Event: 154.321 Thread 0x000001a6a5468e30 Thread exited: 0x000001a6a5468e30
Event: 158.025 Thread 0x000001a659582ed0 Thread added: 0x000001a6a5468e30
Event: 159.335 Thread 0x000001a6a5468e30 Thread exited: 0x000001a6a5468e30
Event: 161.262 Thread 0x000001a659582ed0 Thread added: 0x000001a6a5468e30
Event: 161.438 Thread 0x000001a6a5468e30 Thread exited: 0x000001a6a5468e30
Event: 161.768 Thread 0x000001a659582ed0 Thread added: 0x000001a6a5466e50
Event: 164.657 Thread 0x000001a6a5466e50 Thread exited: 0x000001a6a5466e50


Dynamic libraries:
0x00007ff6df9d0000 - 0x00007ff6df9de000 	C:\Program Files\Eclipse Adoptium\jdk-17.0.18.8-hotspot\bin\java.exe
0x00007fffda470000 - 0x00007fffda668000 	C:\WINDOWS\SYSTEM32\ntdll.dll
0x00007fffd8660000 - 0x00007fffd8722000 	C:\WINDOWS\System32\KERNEL32.DLL
0x00007fffd7e50000 - 0x00007fffd8146000 	C:\WINDOWS\System32\KERNELBASE.dll
0x00007fffd81d0000 - 0x00007fffd82d0000 	C:\WINDOWS\System32\ucrtbase.dll
0x00007fffc3680000 - 0x00007fffc3698000 	C:\Program Files\Eclipse Adoptium\jdk-17.0.18.8-hotspot\bin\jli.dll
0x00007fffc5180000 - 0x00007fffc519e000 	C:\Program Files\Eclipse Adoptium\jdk-17.0.18.8-hotspot\bin\VCRUNTIME140.dll
0x00007fffd8490000 - 0x00007fffd8631000 	C:\WINDOWS\System32\USER32.dll
0x00007fffd7b00000 - 0x00007fffd7b22000 	C:\WINDOWS\System32\win32u.dll
0x00007fffc3890000 - 0x00007fffc3b2b000 	C:\WINDOWS\WinSxS\amd64_microsoft.windows.common-controls_6595b64144ccf1df_6.0.19041.6456_none_60b8a6cb71f64256\COMCTL32.dll
0x00007fffd9fe0000 - 0x00007fffda00b000 	C:\WINDOWS\System32\GDI32.dll
0x00007fffd95c0000 - 0x00007fffd965e000 	C:\WINDOWS\System32\msvcrt.dll
0x00007fffd7b30000 - 0x00007fffd7c49000 	C:\WINDOWS\System32\gdi32full.dll
0x00007fffd7db0000 - 0x00007fffd7e4d000 	C:\WINDOWS\System32\msvcp_win.dll
0x00007fffd96f0000 - 0x00007fffd971f000 	C:\WINDOWS\System32\IMM32.DLL
0x00007fffcc260000 - 0x00007fffcc26c000 	C:\Program Files\Eclipse Adoptium\jdk-17.0.18.8-hotspot\bin\vcruntime140_1.dll
0x00007fffc35b0000 - 0x00007fffc363d000 	C:\Program Files\Eclipse Adoptium\jdk-17.0.18.8-hotspot\bin\msvcp140.dll
0x00007fff600c0000 - 0x00007fff60d2b000 	C:\Program Files\Eclipse Adoptium\jdk-17.0.18.8-hotspot\bin\server\jvm.dll
0x00007fffd9840000 - 0x00007fffd98f1000 	C:\WINDOWS\System32\ADVAPI32.dll
0x00007fffd8f80000 - 0x00007fffd901f000 	C:\WINDOWS\System32\sechost.dll
0x00007fffda310000 - 0x00007fffda430000 	C:\WINDOWS\System32\RPCRT4.dll
0x00007fffd8320000 - 0x00007fffd8347000 	C:\WINDOWS\System32\bcrypt.dll
0x00007fffd9720000 - 0x00007fffd978b000 	C:\WINDOWS\System32\WS2_32.dll
0x00007fffd7090000 - 0x00007fffd70db000 	C:\WINDOWS\SYSTEM32\POWRPROF.dll
0x00007fffcf3b0000 - 0x00007fffcf3ba000 	C:\WINDOWS\SYSTEM32\VERSION.dll
0x00007fffcc230000 - 0x00007fffcc257000 	C:\WINDOWS\SYSTEM32\WINMM.dll
0x00007fffd6f00000 - 0x00007fffd6f12000 	C:\WINDOWS\SYSTEM32\UMPDC.dll
0x00007fffd6310000 - 0x00007fffd6322000 	C:\WINDOWS\SYSTEM32\kernel.appcore.dll
0x00007fffc5230000 - 0x00007fffc523a000 	C:\Program Files\Eclipse Adoptium\jdk-17.0.18.8-hotspot\bin\jimage.dll
0x00007fffd5ff0000 - 0x00007fffd61f1000 	C:\WINDOWS\SYSTEM32\DBGHELP.DLL
0x00007fffc5130000 - 0x00007fffc5164000 	C:\WINDOWS\SYSTEM32\dbgcore.DLL
0x00007fffd8350000 - 0x00007fffd83d2000 	C:\WINDOWS\System32\bcryptPrimitives.dll
0x00007fffc3580000 - 0x00007fffc35a5000 	C:\Program Files\Eclipse Adoptium\jdk-17.0.18.8-hotspot\bin\java.dll
0x00007fffa8b40000 - 0x00007fffa8c17000 	C:\Program Files\Eclipse Adoptium\jdk-17.0.18.8-hotspot\bin\jsvml.dll
0x00007fffd8790000 - 0x00007fffd8f00000 	C:\WINDOWS\System32\SHELL32.dll
0x00007fffd5840000 - 0x00007fffd5fe5000 	C:\WINDOWS\SYSTEM32\windows.storage.dll
0x00007fffd91b0000 - 0x00007fffd9504000 	C:\WINDOWS\System32\combase.dll
0x00007fffd7530000 - 0x00007fffd755b000 	C:\WINDOWS\SYSTEM32\Wldp.dll
0x00007fffda080000 - 0x00007fffda14d000 	C:\WINDOWS\System32\OLEAUT32.dll
0x00007fffd9790000 - 0x00007fffd983d000 	C:\WINDOWS\System32\SHCORE.dll
0x00007fffd9900000 - 0x00007fffd995b000 	C:\WINDOWS\System32\shlwapi.dll
0x00007fffd7a30000 - 0x00007fffd7a54000 	C:\WINDOWS\SYSTEM32\profapi.dll
0x00007fffc3660000 - 0x00007fffc367a000 	C:\Program Files\Eclipse Adoptium\jdk-17.0.18.8-hotspot\bin\net.dll
0x00007fffd42e0000 - 0x00007fffd43ea000 	C:\WINDOWS\SYSTEM32\WINHTTP.dll
0x00007fffd7290000 - 0x00007fffd72fa000 	C:\WINDOWS\system32\mswsock.dll
0x00007fffc3560000 - 0x00007fffc3576000 	C:\Program Files\Eclipse Adoptium\jdk-17.0.18.8-hotspot\bin\nio.dll
0x00007fffc3540000 - 0x00007fffc3558000 	C:\Program Files\Eclipse Adoptium\jdk-17.0.18.8-hotspot\bin\zip.dll
0x000001a639250000 - 0x000001a639253000 	C:\Users\STAR\.openjfx\cache\21.0.2+5\amd64\api-ms-win-core-console-l1-1-0.dll
0x000001a639260000 - 0x000001a639263000 	C:\Users\STAR\.openjfx\cache\21.0.2+5\amd64\api-ms-win-core-console-l1-2-0.dll
0x000001a63b150000 - 0x000001a63b153000 	C:\Users\STAR\.openjfx\cache\21.0.2+5\amd64\api-ms-win-core-datetime-l1-1-0.dll
0x000001a63b160000 - 0x000001a63b163000 	C:\Users\STAR\.openjfx\cache\21.0.2+5\amd64\api-ms-win-core-debug-l1-1-0.dll
0x000001a63b170000 - 0x000001a63b173000 	C:\Users\STAR\.openjfx\cache\21.0.2+5\amd64\api-ms-win-core-errorhandling-l1-1-0.dll
0x000001a63b180000 - 0x000001a63b184000 	C:\Users\STAR\.openjfx\cache\21.0.2+5\amd64\api-ms-win-core-file-l1-1-0.dll
0x000001a63b190000 - 0x000001a63b193000 	C:\Users\STAR\.openjfx\cache\21.0.2+5\amd64\api-ms-win-core-file-l1-2-0.dll
0x000001a63b1a0000 - 0x000001a63b1a3000 	C:\Users\STAR\.openjfx\cache\21.0.2+5\amd64\api-ms-win-core-file-l2-1-0.dll
0x000001a63b1b0000 - 0x000001a63b1b3000 	C:\Users\STAR\.openjfx\cache\21.0.2+5\amd64\api-ms-win-core-handle-l1-1-0.dll
0x000001a63b1c0000 - 0x000001a63b1c3000 	C:\Users\STAR\.openjfx\cache\21.0.2+5\amd64\api-ms-win-core-heap-l1-1-0.dll
0x000001a63b1d0000 - 0x000001a63b1d3000 	C:\Users\STAR\.openjfx\cache\21.0.2+5\amd64\api-ms-win-core-interlocked-l1-1-0.dll
0x000001a63b1e0000 - 0x000001a63b1e3000 	C:\Users\STAR\.openjfx\cache\21.0.2+5\amd64\api-ms-win-core-libraryloader-l1-1-0.dll
0x000001a63b1f0000 - 0x000001a63b1f3000 	C:\Users\STAR\.openjfx\cache\21.0.2+5\amd64\api-ms-win-core-localization-l1-2-0.dll
0x000001a63b200000 - 0x000001a63b203000 	C:\Users\STAR\.openjfx\cache\21.0.2+5\amd64\api-ms-win-core-memory-l1-1-0.dll
0x000001a63b210000 - 0x000001a63b213000 	C:\Users\STAR\.openjfx\cache\21.0.2+5\amd64\api-ms-win-core-namedpipe-l1-1-0.dll
0x000001a659b00000 - 0x000001a659b03000 	C:\Users\STAR\.openjfx\cache\21.0.2+5\amd64\api-ms-win-core-processenvironment-l1-1-0.dll
0x000001a659b10000 - 0x000001a659b13000 	C:\Users\STAR\.openjfx\cache\21.0.2+5\amd64\api-ms-win-core-processthreads-l1-1-0.dll
0x000001a659b20000 - 0x000001a659b23000 	C:\Users\STAR\.openjfx\cache\21.0.2+5\amd64\api-ms-win-core-processthreads-l1-1-1.dll
0x000001a659b30000 - 0x000001a659b33000 	C:\Users\STAR\.openjfx\cache\21.0.2+5\amd64\api-ms-win-core-profile-l1-1-0.dll
0x000001a659b40000 - 0x000001a659b43000 	C:\Users\STAR\.openjfx\cache\21.0.2+5\amd64\api-ms-win-core-rtlsupport-l1-1-0.dll
0x000001a659b50000 - 0x000001a659b53000 	C:\Users\STAR\.openjfx\cache\21.0.2+5\amd64\api-ms-win-core-string-l1-1-0.dll
0x000001a659b60000 - 0x000001a659b63000 	C:\Users\STAR\.openjfx\cache\21.0.2+5\amd64\api-ms-win-core-synch-l1-1-0.dll
0x000001a659b70000 - 0x000001a659b73000 	C:\Users\STAR\.openjfx\cache\21.0.2+5\amd64\api-ms-win-core-synch-l1-2-0.dll
0x000001a659b80000 - 0x000001a659b83000 	C:\Users\STAR\.openjfx\cache\21.0.2+5\amd64\api-ms-win-core-sysinfo-l1-1-0.dll
0x000001a659b90000 - 0x000001a659b93000 	C:\Users\STAR\.openjfx\cache\21.0.2+5\amd64\api-ms-win-core-timezone-l1-1-0.dll
0x000001a659ba0000 - 0x000001a659ba3000 	C:\Users\STAR\.openjfx\cache\21.0.2+5\amd64\api-ms-win-core-util-l1-1-0.dll
0x000001a659bb0000 - 0x000001a659bb3000 	C:\Users\STAR\.openjfx\cache\21.0.2+5\amd64\api-ms-win-crt-conio-l1-1-0.dll
0x000001a659bc0000 - 0x000001a659bc4000 	C:\Users\STAR\.openjfx\cache\21.0.2+5\amd64\api-ms-win-crt-convert-l1-1-0.dll
0x000001a659bd0000 - 0x000001a659bd3000 	C:\Users\STAR\.openjfx\cache\21.0.2+5\amd64\api-ms-win-crt-environment-l1-1-0.dll
0x000001a659be0000 - 0x000001a659be3000 	C:\Users\STAR\.openjfx\cache\21.0.2+5\amd64\api-ms-win-crt-filesystem-l1-1-0.dll
0x000001a659bf0000 - 0x000001a659bf3000 	C:\Users\STAR\.openjfx\cache\21.0.2+5\amd64\api-ms-win-crt-heap-l1-1-0.dll
0x000001a659c00000 - 0x000001a659c03000 	C:\Users\STAR\.openjfx\cache\21.0.2+5\amd64\api-ms-win-crt-locale-l1-1-0.dll
0x000001a659c10000 - 0x000001a659c15000 	C:\Users\STAR\.openjfx\cache\21.0.2+5\amd64\api-ms-win-crt-math-l1-1-0.dll
0x000001a659c20000 - 0x000001a659c25000 	C:\Users\STAR\.openjfx\cache\21.0.2+5\amd64\api-ms-win-crt-multibyte-l1-1-0.dll
0x000001a659c30000 - 0x000001a659c40000 	C:\Users\STAR\.openjfx\cache\21.0.2+5\amd64\api-ms-win-crt-private-l1-1-0.dll
0x000001a659c40000 - 0x000001a659c43000 	C:\Users\STAR\.openjfx\cache\21.0.2+5\amd64\api-ms-win-crt-process-l1-1-0.dll
0x000001a659c50000 - 0x000001a659c54000 	C:\Users\STAR\.openjfx\cache\21.0.2+5\amd64\api-ms-win-crt-runtime-l1-1-0.dll
0x000001a659c60000 - 0x000001a659c64000 	C:\Users\STAR\.openjfx\cache\21.0.2+5\amd64\api-ms-win-crt-stdio-l1-1-0.dll
0x000001a659c70000 - 0x000001a659c74000 	C:\Users\STAR\.openjfx\cache\21.0.2+5\amd64\api-ms-win-crt-string-l1-1-0.dll
0x000001a659c80000 - 0x000001a659c83000 	C:\Users\STAR\.openjfx\cache\21.0.2+5\amd64\api-ms-win-crt-time-l1-1-0.dll
0x000001a659c90000 - 0x000001a659c93000 	C:\Users\STAR\.openjfx\cache\21.0.2+5\amd64\api-ms-win-crt-utility-l1-1-0.dll
0x00007fff93af0000 - 0x00007fff93bec000 	C:\Users\STAR\.openjfx\cache\21.0.2+5\amd64\ucrtbase.dll
0x00007fffc34e0000 - 0x00007fffc34fb000 	C:\Users\STAR\.openjfx\cache\21.0.2+5\amd64\vcruntime140.dll
0x00007fffc34d0000 - 0x00007fffc34dc000 	C:\Users\STAR\.openjfx\cache\21.0.2+5\amd64\vcruntime140_1.dll
0x00007fffa51b0000 - 0x00007fffa523e000 	C:\Users\STAR\.openjfx\cache\21.0.2+5\amd64\msvcp140.dll
0x00007fffc2e50000 - 0x00007fffc2e59000 	C:\Users\STAR\.openjfx\cache\21.0.2+5\amd64\msvcp140_1.dll
0x00007fffc2a40000 - 0x00007fffc2a81000 	C:\Users\STAR\.openjfx\cache\21.0.2+5\amd64\msvcp140_2.dll
0x00007fffbe3f0000 - 0x00007fffbe420000 	C:\Users\STAR\.openjfx\cache\21.0.2+5\amd64\prism_d3d.dll
0x00007fff935a0000 - 0x00007fff93771000 	C:\WINDOWS\system32\d3d9.dll
0x00007fffd5180000 - 0x00007fffd51ae000 	C:\WINDOWS\SYSTEM32\dwmapi.dll
0x00007fffd5040000 - 0x00007fffd50de000 	C:\WINDOWS\system32\uxtheme.dll
0x00007fff8fa60000 - 0x00007fff8fc0b000 	C:\WINDOWS\System32\DriverStore\FileRepository\iigd_dch.inf_amd64_9b41cef4891594fc\igdumdim64.dll
0x00007fffd9eb0000 - 0x00007fffd9fdb000 	C:\WINDOWS\System32\ole32.dll
0x00007fff76e90000 - 0x00007fff7ab05000 	C:\WINDOWS\System32\DriverStore\FileRepository\iigd_dch.inf_amd64_9b41cef4891594fc\igd9dxva64.dll
0x00007fffd9a40000 - 0x00007fffd9eb0000 	C:\WINDOWS\System32\SETUPAPI.dll
0x00007fffd82d0000 - 0x00007fffd831e000 	C:\WINDOWS\System32\cfgmgr32.dll
0x00007fffcad20000 - 0x00007fffcb109000 	C:\WINDOWS\System32\DriverStore\FileRepository\iigd_dch.inf_amd64_9b41cef4891594fc\igdgmm64.dll
0x00007fffa85d0000 - 0x00007fffa8612000 	C:\Users\STAR\.openjfx\cache\21.0.2+5\amd64\glass.dll
0x00007fffd9960000 - 0x00007fffd9a3a000 	C:\WINDOWS\System32\COMDLG32.dll
0x00007fffd9020000 - 0x00007fffd9135000 	C:\WINDOWS\System32\MSCTF.dll
0x00007fff8a010000 - 0x00007fff8a037000 	C:\WINDOWS\System32\DriverStore\FileRepository\iigd_dch.inf_amd64_9b41cef4891594fc\igdinfo64.dll
0x00007fffd7480000 - 0x00007fffd7498000 	C:\WINDOWS\SYSTEM32\CRYPTSP.dll
0x00007fffd6b40000 - 0x00007fffd6b78000 	C:\WINDOWS\system32\rsaenh.dll
0x00007fffd74a0000 - 0x00007fffd74ac000 	C:\WINDOWS\SYSTEM32\CRYPTBASE.dll
0x00007fffc75e0000 - 0x00007fffcad17000 	C:\WINDOWS\System32\DriverStore\FileRepository\iigd_dch.inf_amd64_9b41cef4891594fc\igc64.dll
0x00007fffccd80000 - 0x00007fffccdbb000 	C:\WINDOWS\SYSTEM32\dxcore.dll
0x00007fffc2a20000 - 0x00007fffc2a29000 	C:\Program Files\Eclipse Adoptium\jdk-17.0.18.8-hotspot\bin\extnet.dll
0x00007fffd79f0000 - 0x00007fffd7a1e000 	C:\WINDOWS\SYSTEM32\USERENV.dll
0x00007fffd6f20000 - 0x00007fffd6f5b000 	C:\WINDOWS\SYSTEM32\IPHLPAPI.DLL
0x00007fffd9140000 - 0x00007fffd9148000 	C:\WINDOWS\System32\NSI.dll
0x00007fffd2fb0000 - 0x00007fffd2fc7000 	C:\WINDOWS\SYSTEM32\dhcpcsvc6.DLL
0x00007fffd0350000 - 0x00007fffd036d000 	C:\WINDOWS\SYSTEM32\dhcpcsvc.DLL
0x00007fffd6f60000 - 0x00007fffd702a000 	C:\WINDOWS\SYSTEM32\DNSAPI.dll
0x00007fffc1380000 - 0x00007fffc138e000 	C:\Program Files\Eclipse Adoptium\jdk-17.0.18.8-hotspot\bin\sunmscapi.dll
0x00007fffd7c50000 - 0x00007fffd7dad000 	C:\WINDOWS\System32\CRYPT32.dll
0x00007fffd75a0000 - 0x00007fffd75c7000 	C:\WINDOWS\SYSTEM32\ncrypt.dll
0x00007fffd7560000 - 0x00007fffd759b000 	C:\WINDOWS\SYSTEM32\NTASN1.dll
0x00007fffbe3c0000 - 0x00007fffbe3d4000 	C:\Users\STAR\.openjfx\cache\21.0.2+5\amd64\javafx_font.dll
0x00007fffa07a0000 - 0x00007fffa07cd000 	C:\Users\STAR\.openjfx\cache\21.0.2+5\amd64\javafx_iio.dll
0x00007fffab8c0000 - 0x00007fffabb3f000 	C:\WINDOWS\SYSTEM32\dwrite.dll
0x00007fffd9510000 - 0x00007fffd95b9000 	C:\WINDOWS\System32\clbcatq.dll

dbghelp: loaded successfully - version: 4.0.5 - missing functions: none
symbol engine: initialized successfully - sym options: 0x614 - pdb path: .;C:\Program Files\Eclipse Adoptium\jdk-17.0.18.8-hotspot\bin;C:\WINDOWS\SYSTEM32;C:\WINDOWS\WinSxS\amd64_microsoft.windows.common-controls_6595b64144ccf1df_6.0.19041.6456_none_60b8a6cb71f64256;C:\Program Files\Eclipse Adoptium\jdk-17.0.18.8-hotspot\bin\server;C:\Users\STAR\.openjfx\cache\21.0.2+5\amd64;C:\WINDOWS\System32\DriverStore\FileRepository\iigd_dch.inf_amd64_9b41cef4891594fc;C:\Program Files\Common Files\Microsoft Shared\Ink;C:\Program Files\Bonjour

VM Arguments:
jvm_args: --module-path=C:\Users\STAR\.m2\repository\org\openjfx\javafx-base\21.0.2\javafx-base-21.0.2-win.jar;C:\Users\STAR\.m2\repository\org\openjfx\javafx-base\21.0.2\javafx-base-21.0.2.jar;C:\Users\STAR\.m2\repository\org\openjfx\javafx-controls\21.0.2\javafx-controls-21.0.2-win.jar;C:\Users\STAR\.m2\repository\org\openjfx\javafx-controls\21.0.2\javafx-controls-21.0.2.jar;C:\Users\STAR\.m2\repository\org\openjfx\javafx-fxml\21.0.2\javafx-fxml-21.0.2-win.jar;C:\Users\STAR\.m2\repository\org\openjfx\javafx-fxml\21.0.2\javafx-fxml-21.0.2.jar;C:\Users\STAR\.m2\repository\org\openjfx\javafx-graphics\21.0.2\javafx-graphics-21.0.2-win.jar;C:\Users\STAR\.m2\repository\org\openjfx\javafx-graphics\21.0.2\javafx-graphics-21.0.2.jar;C:\Users\STAR\.m2\repository\org\openjfx\javafx-swing\21.0.2\javafx-swing-21.0.2-win.jar;C:\Users\STAR\.m2\repository\org\openjfx\javafx-swing\21.0.2\javafx-swing-21.0.2.jar --add-modules=javafx.base,javafx.controls,javafx.fxml,javafx.graphics,javafx.swing 
java_command: rehla.MainFx
java_class_path (initial): C:\Users\STAR\Desktop\Esprit-PIDEV-3A26-2526-Rehla\target\classes;C:\Users\STAR\.m2\repository\com\beust\jcommander\1.82\jcommander-1.82.jar;C:\Users\STAR\.m2\repository\com\fasterxml\jackson\core\jackson-annotations\2.14.0\jackson-annotations-2.14.0.jar;C:\Users\STAR\.m2\repository\com\fasterxml\jackson\core\jackson-core\2.14.0\jackson-core-2.14.0.jar;C:\Users\STAR\.m2\repository\com\fasterxml\jackson\core\jackson-databind\2.14.0\jackson-databind-2.14.0.jar;C:\Users\STAR\.m2\repository\com\fasterxml\jackson\dataformat\jackson-dataformat-xml\2.14.0\jackson-dataformat-xml-2.14.0.jar;C:\Users\STAR\.m2\repository\com\fasterxml\jackson\datatype\jackson-datatype-jsr310\2.14.0\jackson-datatype-jsr310-2.14.0.jar;C:\Users\STAR\.m2\repository\com\fasterxml\woodstox\woodstox-core\6.4.0\woodstox-core-6.4.0.jar;C:\Users\STAR\.m2\repository\com\github\jai-imageio\jai-imageio-core\1.4.0\jai-imageio-core-1.4.0.jar;C:\Users\STAR\.m2\repository\com\github\sarxos\webcam-capture\0.3.12\webcam-capture-0.3.12.jar;C:\Users\STAR\.m2\repository\com\google\code\gson\gson\2.11.0\gson-2.11.0.jar;C:\Users\STAR\.m2\repository\com\google\errorprone\error_prone_annotations\2.27.0\error_prone_annotations-2.27.0.jar;C:\Users\STAR\.m2\repository\com\google\protobuf\protobuf-java\3.21.9\protobuf-java-3.21.9.jar;C:\Users\STAR\.m2\repository\com\google\zxing\core\3.5.1\core-3.5.1.jar;C:\Users\STAR\.m2\repository\com\google\zxing\javase\3.5.1\javase-3.5.1.jar;C:\Users\STAR\.m2\repository\com\itextpdf\barcodes\7.2.5\barcodes-7.2.5.jar;C:\Users\STAR\.m2\repository\com\itextpdf\commons\7.2.5\commons-7.2.5.jar;C:\Users\STAR\.m2\repository\com\itextpdf\font-asian\7.2.5\font-asian-7.2.5.jar;C:\Users\STAR\.m2\repository\com\itextpdf\forms\7.2.5\forms-7.2.5.jar;C:\Users\STAR\.m2\repository\com\itextpdf\hyph\7.2.5\hyph-7.2.5.jar;C:\Users\STAR\.m2\repository\com\itextpdf\io\7.2.5\io-7.2.5.jar;C:\Users\STAR\.m2\repository\com\itextpdf\kernel\7.2.5\kernel-7.2.5.jar;C:\Users\STAR\.m2\rep
Launcher Type: SUN_STANDARD

[Global flags]
     intx CICompilerCount                          = 4                                         {product} {ergonomic}
     uint ConcGCThreads                            = 2                                         {product} {ergonomic}
     uint G1ConcRefinementThreads                  = 8                                         {product} {ergonomic}
   size_t G1HeapRegionSize                         = 1048576                                   {product} {ergonomic}
    uintx GCDrainStackTargetSize                   = 64                                        {product} {ergonomic}
   size_t InitialHeapSize                          = 132120576                                 {product} {ergonomic}
   size_t MarkStackSize                            = 4194304                                   {product} {ergonomic}
   size_t MaxHeapSize                              = 2095054848                                {product} {ergonomic}
   size_t MaxNewSize                               = 1256194048                                {product} {ergonomic}
   size_t MinHeapDeltaBytes                        = 1048576                                   {product} {ergonomic}
   size_t MinHeapSize                              = 8388608                                   {product} {ergonomic}
    uintx NonNMethodCodeHeapSize                   = 5839372                                {pd product} {ergonomic}
    uintx NonProfiledCodeHeapSize                  = 122909434                              {pd product} {ergonomic}
    uintx ProfiledCodeHeapSize                     = 122909434                              {pd product} {ergonomic}
    uintx ReservedCodeCacheSize                    = 251658240                              {pd product} {ergonomic}
     bool SegmentedCodeCache                       = true                                      {product} {ergonomic}
   size_t SoftMaxHeapSize                          = 2095054848                             {manageable} {ergonomic}
     bool UseCompressedClassPointers               = true                           {product lp64_product} {ergonomic}
     bool UseCompressedOops                        = true                           {product lp64_product} {ergonomic}
     bool UseG1GC                                  = true                                      {product} {ergonomic}
     bool UseLargePagesIndividualAllocation        = false                                  {pd product} {ergonomic}

Logging:
Log output configuration:
 #0: stdout all=warning uptime,level,tags
 #1: stderr all=off uptime,level,tags

Environment Variables:
JAVA_HOME=C:\Program Files\Eclipse Adoptium\jdk-17.0.18.8-hotspot
PATH=C:\Program Files\Eclipse Adoptium\jdk-17.0.18.8-hotspot\bin;C:\Program Files\Eclipse Adoptium\jdk-21.0.8.9-hotspot\bin;c:\Users\STAR\AppData\Local\Programs\cursor\resources\app\bin;C:\Program Files\Google\Chrome\Application;C:\oraclexe\app\oracle\product\11.2.0\server\bin;;C:\WINDOWS\system32;C:\WINDOWS;C:\WINDOWS\System32\Wbem;C:\WINDOWS\System32\WindowsPowerShell\v1.0\;C:\WINDOWS\System32\OpenSSH\;C:\Program Files\Git\cmd;C:\Program Files\dotnet\;C:\Program Files (x86)\NVIDIA Corporation\PhysX\Common;C:\Program Files\NVIDIA Corporation\NVIDIA NvDLISR;C:\Program Files\Calibre2\;C:\Users\STAR\AppData\Local\Programs\Python\Python313\;C:\Users\STAR\AppData\Local\Programs\Python\Launcher\;C:\Users\STAR\AppData\Local\Programs\Python\Python313\Scripts\;C:\Users\STAR\AppData\Local\Microsoft\WindowsApps;C:\Users\STAR\AppData\Local\GitHubDesktop\bin;C:\Users\STAR\AppData\Local\Programs\Windsurf\bin;c:\Users\STAR\AppData\Local\Programs\cursor\resources\app\bin;C:\Program Files\MySQL\MySQL Shell 8.0\bin\;C:\composer;C:\xampp\php;C:\Users\STAR\AppData\Local\Microsoft\WindowsApps;C:\Users\STAR\AppData\Local\Programs\Microsoft VS Code\bin;C:\Users\STAR\AppData\Local\GitHubDesktop\bin;C:\Program Files\JetBrains\IntelliJ IDEA 2025.2.2\bin;C:\Users\STAR\AppData\Local\Programs\Windsurf\bin
USERNAME=STAR
OS=Windows_NT
PROCESSOR_IDENTIFIER=Intel64 Family 6 Model 140 Stepping 1, GenuineIntel
TMP=C:\Users\STAR\AppData\Local\Temp
TEMP=C:\Users\STAR\AppData\Local\Temp



Periodic native trim disabled


---------------  S Y S T E M  ---------------

OS:
 Windows 10 , 64 bit Build 19041 (10.0.19041.5915)
OS uptime: 0 days 9:53 hours

CPU: total 8 (initial active 8) (4 cores per cpu, 2 threads per core) family 6 model 140 stepping 1 microcode 0x9a, cx8, cmov, fxsr, ht, mmx, 3dnowpref, sse, sse2, sse3, ssse3, sse4.1, sse4.2, popcnt, lzcnt, tsc, tscinvbit, avx, avx2, aes, erms, clmul, bmi1, bmi2, adx, avx512f, avx512dq, avx512cd, avx512bw, avx512vl, sha, fma, vzeroupper, avx512_vpopcntdq, avx512_vpclmulqdq, avx512_vaes, avx512_vnni, clflush, clflushopt, clwb, avx512_vbmi2, avx512_vbmi
Processor Information for all 8 processors :
  Max Mhz: 2419, Current Mhz: 2419, Mhz Limit: 2419

Memory: 4k page, system-wide physical 7991M (489M free)
TotalPageFile size 32567M (AvailPageFile size 89M)
current process WorkingSet (physical memory assigned to process): 775M, peak: 905M
current process commit charge ("private bytes"): 1531M, peak: 1665M

vm_info: OpenJDK 64-Bit Server VM (17.0.18+8) for windows-amd64 JRE (17.0.18+8), built on Jan 20 2026 22:28:22 by "admin" with MS VC++ 17.12 (VS2022)

END.
