#
# There is insufficient memory for the Java Runtime Environment to continue.
# Native memory allocation (mmap) failed to map 65536 bytes. Error detail: Failed to commit metaspace.
# Possible reasons:
#   The system is out of physical RAM or swap space
#   This process is running with CompressedOops enabled, and the Java Heap may be blocking the growth of the native heap
# Possible solutions:
#   Reduce memory load on the system
#   Increase physical memory or swap space
#   Check if swap backing store is full
#   Decrease Java heap size (-Xmx/-Xms)
#   Decrease number of Java threads
#   Decrease Java thread stack sizes (-Xss)
#   Set larger code cache with -XX:ReservedCodeCacheSize=
#   JVM is running with Unscaled Compressed Oops mode in which the Java heap is
#     placed in the first 4GB address space. The Java Heap base address is the
#     maximum limit for the native heap growth. Please use -XX:HeapBaseMinAddress
#     to set the Java Heap base and to place the Java Heap above 4GB virtual address.
# This output file may be truncated or incomplete.
#
#  Out of Memory Error (virtualSpaceNode.cpp:110), pid=4016, tid=11436
#
# JRE version: OpenJDK Runtime Environment Temurin-17.0.18+8 (17.0.18+8) (build 17.0.18+8)
# Java VM: OpenJDK 64-Bit Server VM Temurin-17.0.18+8 (17.0.18+8, mixed mode, sharing, tiered, compressed oops, compressed class ptrs, g1 gc, windows-amd64)
# No core dump will be written. Minidumps are not enabled by default on client versions of Windows
#

---------------  S U M M A R Y ------------

Command Line: -Dclassworlds.conf=C:\Program Files\JetBrains\IntelliJ IDEA 2025.2.2\plugins\maven\lib\maven3\bin\m2.conf -Dmaven.home=C:\Program Files\JetBrains\IntelliJ IDEA 2025.2.2\plugins\maven\lib\maven3 -Dlibrary.jansi.path=C:\Program Files\JetBrains\IntelliJ IDEA 2025.2.2\plugins\maven\lib\maven3\lib\jansi-native -Dmaven.multiModuleProjectDirectory=C:\Users\STAR\Desktop\Esprit-PIDEV-3A26-2526-Rehla org.codehaus.plexus.classworlds.launcher.Launcher -Didea.version=2025.2.2 -Dmaven.ext.class.path=C:\Program Files\JetBrains\IntelliJ IDEA 2025.2.2\plugins\maven\lib\maven-event-listener.jar -Djansi.passthrough=true -Dstyle.color=always -Dmaven.repo.local=C:\Users\STAR\.m2\repository org.apache.maven.plugins:maven-clean-plugin:3.2.0:help -f pom.xml

Host: 11th Gen Intel(R) Core(TM) i5-1135G7 @ 2.40GHz, 8 cores, 7G,  Windows 10 , 64 bit Build 19041 (10.0.19041.5915)
Time: Mon May 11 23:34:34 2026 Europe de l , 64 bit Build 19041 (10.0.19041.5915) elapsed time: 1.058293 seconds (0d 0h 0m 1s)

---------------  T H R E A D  ---------------

Current thread (0x00000200ff5b2850):  JavaThread "main" [_thread_in_vm, id=11436, stack(0x000000a15fd00000,0x000000a15fe00000)]

Stack: [0x000000a15fd00000,0x000000a15fe00000]
Native frames: (J=compiled Java code, j=interpreted, Vv=VM code, C=native code)
V  [jvm.dll+0x6846f9]
V  [jvm.dll+0x839ea5]
V  [jvm.dll+0x83b91e]
V  [jvm.dll+0x83bfa3]
V  [jvm.dll+0x248eff]
V  [jvm.dll+0x835c8d]
V  [jvm.dll+0x6291fd]
V  [jvm.dll+0x62926a]
V  [jvm.dll+0x62baa3]
V  [jvm.dll+0x629bb6]
V  [jvm.dll+0x23dff4]
V  [jvm.dll+0x1eaf6f]
V  [jvm.dll+0x1e08d1]
V  [jvm.dll+0x548119]
V  [jvm.dll+0x1f177e]
V  [jvm.dll+0x7b3f3f]
V  [jvm.dll+0x7b538d]
V  [jvm.dll+0x7b56d8]
V  [jvm.dll+0x24091d]
V  [jvm.dll+0x385026]
C  0x000002009040baca

The last pc belongs to anewarray (printed below).
Java frames: (J=compiled Java code, j=interpreted, Vv=VM code)
j  sun.security.jca.ProviderList.<clinit>()V+20 java.base@17.0.18
v  ~StubRoutines::call_stub
j  sun.security.jca.Providers.<clinit>()V+10 java.base@17.0.18
v  ~StubRoutines::call_stub
j  java.security.SecureRandom.getDefaultPRNG(Z[B)V+5 java.base@17.0.18
j  java.security.SecureRandom.<init>()V+23 java.base@17.0.18
j  org.sonatype.plexus.components.cipher.PBECipher.<clinit>()V+4
v  ~StubRoutines::call_stub
j  org.sonatype.plexus.components.cipher.DefaultPlexusCipher.<init>()V+5
j  org.sonatype.plexus.components.cipher.DefaultPlexusCipher$$FastClassByGuice$$148723381.GUICE$TRAMPOLINE(ILjava/lang/Object;[Ljava/lang/Object;)Ljava/lang/Object;+64
j  org.sonatype.plexus.components.cipher.DefaultPlexusCipher$$FastClassByGuice$$148723381.apply(Ljava/lang/Object;Ljava/lang/Object;)Ljava/lang/Object;+9
j  com.google.inject.internal.DefaultConstructionProxyFactory$FastClassProxy.newInstance([Ljava/lang/Object;)Ljava/lang/Object;+6
j  com.google.inject.internal.ConstructorInjector.provision(Lcom/google/inject/internal/InternalContext;Lcom/google/inject/internal/ConstructionContext;)Ljava/lang/Object;+14
j  com.google.inject.internal.ConstructorInjector.access$000(Lcom/google/inject/internal/ConstructorInjector;Lcom/google/inject/internal/InternalContext;Lcom/google/inject/internal/ConstructionContext;)Ljava/lang/Object;+3
j  com.google.inject.internal.ConstructorInjector$1.call()Ljava/lang/Object;+12
J 2399 c1 com.google.inject.internal.ProvisionListenerStackCallback$Provision.provision()Ljava/lang/Object; (140 bytes) @ 0x000002008935bca4 [0x000002008935bb40+0x0000000000000164]
J 2399 c1 com.google.inject.internal.ProvisionListenerStackCallback$Provision.provision()Ljava/lang/Object; (140 bytes) @ 0x000002008935be34 [0x000002008935bb40+0x00000000000002f4]
j  com.google.inject.internal.ProvisionListenerStackCallback.provision(Lcom/google/inject/internal/InternalContext;Lcom/google/inject/internal/ProvisionListenerStackCallback$ProvisionCallback;)Ljava/lang/Object;+14
j  com.google.inject.internal.ConstructorInjector.construct(Lcom/google/inject/internal/InternalContext;Lcom/google/inject/spi/Dependency;Lcom/google/inject/internal/ProvisionListenerStackCallback;)Ljava/lang/Object;+113
j  com.google.inject.internal.ConstructorBindingImpl$Factory.get(Lcom/google/inject/internal/InternalContext;Lcom/google/inject/spi/Dependency;Z)Ljava/lang/Object;+48
j  com.google.inject.internal.ProviderToInternalFactoryAdapter.get()Ljava/lang/Object;+18
j  com.google.inject.internal.SingletonScope$1.get()Ljava/lang/Object;+58
j  com.google.inject.internal.InternalFactoryToProviderAdapter.get(Lcom/google/inject/internal/InternalContext;Lcom/google/inject/spi/Dependency;Z)Ljava/lang/Object;+9
j  com.google.inject.internal.FactoryProxy.get(Lcom/google/inject/internal/InternalContext;Lcom/google/inject/spi/Dependency;Z)Ljava/lang/Object;+13
j  com.google.inject.internal.SingleParameterInjector.inject(Lcom/google/inject/internal/InternalContext;)Ljava/lang/Object;+12
j  com.google.inject.internal.SingleParameterInjector.getAll(Lcom/google/inject/internal/InternalContext;[Lcom/google/inject/internal/SingleParameterInjector;)[Ljava/lang/Object;+33
j  com.google.inject.internal.ConstructorInjector.provision(Lcom/google/inject/internal/InternalContext;Lcom/google/inject/internal/ConstructionContext;)Ljava/lang/Object;+5
j  com.google.inject.internal.ConstructorInjector.access$000(Lcom/google/inject/internal/ConstructorInjector;Lcom/google/inject/internal/InternalContext;Lcom/google/inject/internal/ConstructionContext;)Ljava/lang/Object;+3
j  com.google.inject.internal.ConstructorInjector$1.call()Ljava/lang/Object;+12
J 2399 c1 com.google.inject.internal.ProvisionListenerStackCallback$Provision.provision()Ljava/lang/Object; (140 bytes) @ 0x000002008935bca4 [0x000002008935bb40+0x0000000000000164]
J 2399 c1 com.google.inject.internal.ProvisionListenerStackCallback$Provision.provision()Ljava/lang/Object; (140 bytes) @ 0x000002008935be34 [0x000002008935bb40+0x00000000000002f4]
j  com.google.inject.internal.ProvisionListenerStackCallback.provision(Lcom/google/inject/internal/InternalContext;Lcom/google/inject/internal/ProvisionListenerStackCallback$ProvisionCallback;)Ljava/lang/Object;+14
j  com.google.inject.internal.ConstructorInjector.construct(Lcom/google/inject/internal/InternalContext;Lcom/google/inject/spi/Dependency;Lcom/google/inject/internal/ProvisionListenerStackCallback;)Ljava/lang/Object;+113
j  com.google.inject.internal.ConstructorBindingImpl$Factory.get(Lcom/google/inject/internal/InternalContext;Lcom/google/inject/spi/Dependency;Z)Ljava/lang/Object;+48
j  com.google.inject.internal.ProviderToInternalFactoryAdapter.get()Ljava/lang/Object;+18
j  com.google.inject.internal.SingletonScope$1.get()Ljava/lang/Object;+58
j  com.google.inject.internal.InternalFactoryToProviderAdapter.get(Lcom/google/inject/internal/InternalContext;Lcom/google/inject/spi/Dependency;Z)Ljava/lang/Object;+9
j  com.google.inject.internal.InjectorImpl$1.get()Ljava/lang/Object;+18
j  com.google.inject.internal.InjectorImpl.getInstance(Ljava/lang/Class;)Ljava/lang/Object;+5
j  org.eclipse.sisu.space.AbstractDeferredClass.get()Ljava/lang/Object;+8
j  com.google.inject.internal.ProviderInternalFactory.provision(Ljavax/inject/Provider;Lcom/google/inject/spi/Dependency;Lcom/google/inject/internal/ConstructionContext;)Ljava/lang/Object;+1
j  com.google.inject.internal.InternalFactoryToInitializableAdapter.provision(Ljavax/inject/Provider;Lcom/google/inject/spi/Dependency;Lcom/google/inject/internal/ConstructionContext;)Ljava/lang/Object;+4
j  com.google.inject.internal.ProviderInternalFactory$1.call()Ljava/lang/Object;+16
J 2399 c1 com.google.inject.internal.ProvisionListenerStackCallback$Provision.provision()Ljava/lang/Object; (140 bytes) @ 0x000002008935bca4 [0x000002008935bb40+0x0000000000000164]
J 2399 c1 com.google.inject.internal.ProvisionListenerStackCallback$Provision.provision()Ljava/lang/Object; (140 bytes) @ 0x000002008935be34 [0x000002008935bb40+0x00000000000002f4]
j  com.google.inject.internal.ProvisionListenerStackCallback.provision(Lcom/google/inject/internal/InternalContext;Lcom/google/inject/internal/ProvisionListenerStackCallback$ProvisionCallback;)Ljava/lang/Object;+14
j  com.google.inject.internal.ProviderInternalFactory.circularGet(Ljavax/inject/Provider;Lcom/google/inject/internal/InternalContext;Lcom/google/inject/spi/Dependency;Lcom/google/inject/internal/ProvisionListenerStackCallback;)Ljava/lang/Object;+91
j  com.google.inject.internal.InternalFactoryToInitializableAdapter.get(Lcom/google/inject/internal/InternalContext;Lcom/google/inject/spi/Dependency;Z)Ljava/lang/Object;+19
j  com.google.inject.internal.ProviderToInternalFactoryAdapter.get()Ljava/lang/Object;+18
j  com.google.inject.internal.SingletonScope$1.get()Ljava/lang/Object;+58
j  com.google.inject.internal.InternalFactoryToProviderAdapter.get(Lcom/google/inject/internal/InternalContext;Lcom/google/inject/spi/Dependency;Z)Ljava/lang/Object;+9
j  com.google.inject.internal.SingleParameterInjector.inject(Lcom/google/inject/internal/InternalContext;)Ljava/lang/Object;+12
j  com.google.inject.internal.SingleParameterInjector.getAll(Lcom/google/inject/internal/InternalContext;[Lcom/google/inject/internal/SingleParameterInjector;)[Ljava/lang/Object;+33
j  com.google.inject.internal.ConstructorInjector.provision(Lcom/google/inject/internal/InternalContext;Lcom/google/inject/internal/ConstructionContext;)Ljava/lang/Object;+5
j  com.google.inject.internal.ConstructorInjector.access$000(Lcom/google/inject/internal/ConstructorInjector;Lcom/google/inject/internal/InternalContext;Lcom/google/inject/internal/ConstructionContext;)Ljava/lang/Object;+3
j  com.google.inject.internal.ConstructorInjector$1.call()Ljava/lang/Object;+12
J 2399 c1 com.google.inject.internal.ProvisionListenerStackCallback$Provision.provision()Ljava/lang/Object; (140 bytes) @ 0x000002008935bca4 [0x000002008935bb40+0x0000000000000164]
J 2399 c1 com.google.inject.internal.ProvisionListenerStackCallback$Provision.provision()Ljava/lang/Object; (140 bytes) @ 0x000002008935be34 [0x000002008935bb40+0x00000000000002f4]
j  com.google.inject.internal.ProvisionListenerStackCallback.provision(Lcom/google/inject/internal/InternalContext;Lcom/google/inject/internal/ProvisionListenerStackCallback$ProvisionCallback;)Ljava/lang/Object;+14
j  com.google.inject.internal.ConstructorInjector.construct(Lcom/google/inject/internal/InternalContext;Lcom/google/inject/spi/Dependency;Lcom/google/inject/internal/ProvisionListenerStackCallback;)Ljava/lang/Object;+113
j  com.google.inject.internal.ConstructorBindingImpl$Factory.get(Lcom/google/inject/internal/InternalContext;Lcom/google/inject/spi/Dependency;Z)Ljava/lang/Object;+48
j  com.google.inject.internal.ProviderToInternalFactoryAdapter.get()Ljava/lang/Object;+18
j  com.google.inject.internal.SingletonScope$1.get()Ljava/lang/Object;+58
j  com.google.inject.internal.InternalFactoryToProviderAdapter.get(Lcom/google/inject/internal/InternalContext;Lcom/google/inject/spi/Dependency;Z)Ljava/lang/Object;+9
j  com.google.inject.internal.FactoryProxy.get(Lcom/google/inject/internal/InternalContext;Lcom/google/inject/spi/Dependency;Z)Ljava/lang/Object;+13
j  com.google.inject.internal.InjectorImpl$1.get()Ljava/lang/Object;+18
j  org.eclipse.sisu.inject.LazyBeanEntry.getValue()Ljava/lang/Object;+4
j  org.eclipse.sisu.plexus.LazyPlexusBean.getValue()Ljava/lang/Object;+4
j  org.eclipse.sisu.plexus.PlexusRequirements$RequirementProvider.get()Ljava/lang/Object;+28
j  org.eclipse.sisu.plexus.ProvidedPropertyBinding.injectProperty(Ljava/lang/Object;)V+9
j  org.eclipse.sisu.bean.BeanInjector.injectMembers(Ljava/lang/Object;)V+26
j  com.google.inject.internal.MembersInjectorImpl.injectMembers(Ljava/lang/Object;Lcom/google/inject/internal/InternalContext;Z)V+115
j  com.google.inject.internal.ConstructorInjector.provision(Lcom/google/inject/internal/InternalContext;Lcom/google/inject/internal/ConstructionContext;)Ljava/lang/Object;+59
j  com.google.inject.internal.ConstructorInjector.access$000(Lcom/google/inject/internal/ConstructorInjector;Lcom/google/inject/internal/InternalContext;Lcom/google/inject/internal/ConstructionContext;)Ljava/lang/Object;+3
j  com.google.inject.internal.ConstructorInjector$1.call()Ljava/lang/Object;+12
j  com.google.inject.internal.ProvisionListenerStackCallback$Provision.provision()Ljava/lang/Object;+30
j  com.google.inject.internal.ProvisionListenerStackCallback$Provision.provision()Ljava/lang/Object;+118
j  com.google.inject.internal.ProvisionListenerStackCallback.provision(Lcom/google/inject/internal/InternalContext;Lcom/google/inject/internal/ProvisionListenerStackCallback$ProvisionCallback;)Ljava/lang/Object;+14
j  com.google.inject.internal.ConstructorInjector.construct(Lcom/google/inject/internal/InternalContext;Lcom/google/inject/spi/Dependency;Lcom/google/inject/internal/ProvisionListenerStackCallback;)Ljava/lang/Object;+113
j  com.google.inject.internal.ConstructorBindingImpl$Factory.get(Lcom/google/inject/internal/InternalContext;Lcom/google/inject/spi/Dependency;Z)Ljava/lang/Object;+48
j  com.google.inject.internal.InjectorImpl$1.get()Ljava/lang/Object;+18
j  com.google.inject.internal.InjectorImpl.getInstance(Ljava/lang/Class;)Ljava/lang/Object;+5
j  org.eclipse.sisu.space.AbstractDeferredClass.get()Ljava/lang/Object;+8
j  com.google.inject.internal.ProviderInternalFactory.provision(Ljavax/inject/Provider;Lcom/google/inject/spi/Dependency;Lcom/google/inject/internal/ConstructionContext;)Ljava/lang/Object;+1
j  com.google.inject.internal.InternalFactoryToInitializableAdapter.provision(Ljavax/inject/Provider;Lcom/google/inject/spi/Dependency;Lcom/google/inject/internal/ConstructionContext;)Ljava/lang/Object;+4
j  com.google.inject.internal.ProviderInternalFactory$1.call()Ljava/lang/Object;+16
j  com.google.inject.internal.ProvisionListenerStackCallback$Provision.provision()Ljava/lang/Object;+30
j  com.google.inject.internal.ProvisionListenerStackCallback$Provision.provision()Ljava/lang/Object;+118
j  com.google.inject.internal.ProvisionListenerStackCallback.provision(Lcom/google/inject/internal/InternalContext;Lcom/google/inject/internal/ProvisionListenerStackCallback$ProvisionCallback;)Ljava/lang/Object;+14
j  com.google.inject.internal.ProviderInternalFactory.circularGet(Ljavax/inject/Provider;Lcom/google/inject/internal/InternalContext;Lcom/google/inject/spi/Dependency;Lcom/google/inject/internal/ProvisionListenerStackCallback;)Ljava/lang/Object;+91
j  com.google.inject.internal.InternalFactoryToInitializableAdapter.get(Lcom/google/inject/internal/InternalContext;Lcom/google/inject/spi/Dependency;Z)Ljava/lang/Object;+19
j  com.google.inject.internal.ProviderToInternalFactoryAdapter.get()Ljava/lang/Object;+18
j  com.google.inject.internal.SingletonScope$1.get()Ljava/lang/Object;+58
j  com.google.inject.internal.InternalFactoryToProviderAdapter.get(Lcom/google/inject/internal/InternalContext;Lcom/google/inject/spi/Dependency;Z)Ljava/lang/Object;+9
j  com.google.inject.internal.InjectorImpl$1.get()Ljava/lang/Object;+18
j  org.eclipse.sisu.inject.LazyBeanEntry.getValue()Ljava/lang/Object;+4
j  org.eclipse.sisu.plexus.LazyPlexusBean.getValue()Ljava/lang/Object;+4
j  org.eclipse.sisu.plexus.PlexusRequirements$RequirementProvider.get()Ljava/lang/Object;+28
j  org.eclipse.sisu.plexus.ProvidedPropertyBinding.injectProperty(Ljava/lang/Object;)V+9
j  org.eclipse.sisu.bean.BeanInjector.injectMembers(Ljava/lang/Object;)V+26
j  com.google.inject.internal.MembersInjectorImpl.injectMembers(Ljava/lang/Object;Lcom/google/inject/internal/InternalContext;Z)V+115
j  com.google.inject.internal.ConstructorInjector.provision(Lcom/google/inject/internal/InternalContext;Lcom/google/inject/internal/ConstructionContext;)Ljava/lang/Object;+59
j  com.google.inject.internal.ConstructorInjector.access$000(Lcom/google/inject/internal/ConstructorInjector;Lcom/google/inject/internal/InternalContext;Lcom/google/inject/internal/ConstructionContext;)Ljava/lang/Object;+3
j  com.google.inject.internal.ConstructorInjector$1.call()Ljava/lang/Object;+12
j  com.google.inject.internal.ProvisionListenerStackCallback$Provision.provision()Ljava/lang/Object;+30
j  com.google.inject.internal.ProvisionListenerStackCallback$Provision.provision()Ljava/lang/Object;+118
j  com.google.inject.internal.ProvisionListenerStackCallback.provision(Lcom/google/inject/internal/InternalContext;Lcom/google/inject/internal/ProvisionListenerStackCallback$ProvisionCallback;)Ljava/lang/Object;+14
j  com.google.inject.internal.ConstructorInjector.construct(Lcom/google/inject/internal/InternalContext;Lcom/google/inject/spi/Dependency;Lcom/google/inject/internal/ProvisionListenerStackCallback;)Ljava/lang/Object;+113
j  com.google.inject.internal.ConstructorBindingImpl$Factory.get(Lcom/google/inject/internal/InternalContext;Lcom/google/inject/spi/Dependency;Z)Ljava/lang/Object;+48
j  com.google.inject.internal.InjectorImpl$1.get()Ljava/lang/Object;+18
j  com.google.inject.internal.InjectorImpl.getInstance(Ljava/lang/Class;)Ljava/lang/Object;+5
j  org.eclipse.sisu.space.AbstractDeferredClass.get()Ljava/lang/Object;+8
j  com.google.inject.internal.ProviderInternalFactory.provision(Ljavax/inject/Provider;Lcom/google/inject/spi/Dependency;Lcom/google/inject/internal/ConstructionContext;)Ljava/lang/Object;+1
j  com.google.inject.internal.InternalFactoryToInitializableAdapter.provision(Ljavax/inject/Provider;Lcom/google/inject/spi/Dependency;Lcom/google/inject/internal/ConstructionContext;)Ljava/lang/Object;+4
j  com.google.inject.internal.ProviderInternalFactory$1.call()Ljava/lang/Object;+16
j  com.google.inject.internal.ProvisionListenerStackCallback$Provision.provision()Ljava/lang/Object;+30
j  com.google.inject.internal.ProvisionListenerStackCallback$Provision.provision()Ljava/lang/Object;+118
j  com.google.inject.internal.ProvisionListenerStackCallback.provision(Lcom/google/inject/internal/InternalContext;Lcom/google/inject/internal/ProvisionListenerStackCallback$ProvisionCallback;)Ljava/lang/Object;+14
j  com.google.inject.internal.ProviderInternalFactory.circularGet(Ljavax/inject/Provider;Lcom/google/inject/internal/InternalContext;Lcom/google/inject/spi/Dependency;Lcom/google/inject/internal/ProvisionListenerStackCallback;)Ljava/lang/Object;+91
j  com.google.inject.internal.InternalFactoryToInitializableAdapter.get(Lcom/google/inject/internal/InternalContext;Lcom/google/inject/spi/Dependency;Z)Ljava/lang/Object;+19
j  com.google.inject.internal.ProviderToInternalFactoryAdapter.get()Ljava/lang/Object;+18
j  com.google.inject.internal.SingletonScope$1.get()Ljava/lang/Object;+58
j  com.google.inject.internal.InternalFactoryToProviderAdapter.get(Lcom/google/inject/internal/InternalContext;Lcom/google/inject/spi/Dependency;Z)Ljava/lang/Object;+9
j  com.google.inject.internal.InjectorImpl$1.get()Ljava/lang/Object;+18
j  org.eclipse.sisu.inject.LazyBeanEntry.getValue()Ljava/lang/Object;+4
j  org.eclipse.sisu.plexus.LazyPlexusBean.getValue()Ljava/lang/Object;+4
j  org.eclipse.sisu.plexus.PlexusRequirements$RequirementProvider.get()Ljava/lang/Object;+28
j  org.eclipse.sisu.plexus.ProvidedPropertyBinding.injectProperty(Ljava/lang/Object;)V+9
j  org.eclipse.sisu.bean.BeanInjector.injectMembers(Ljava/lang/Object;)V+26
j  com.google.inject.internal.MembersInjectorImpl.injectMembers(Ljava/lang/Object;Lcom/google/inject/internal/InternalContext;Z)V+115
j  com.google.inject.internal.ConstructorInjector.provision(Lcom/google/inject/internal/InternalContext;Lcom/google/inject/internal/ConstructionContext;)Ljava/lang/Object;+59
j  com.google.inject.internal.ConstructorInjector.access$000(Lcom/google/inject/internal/ConstructorInjector;Lcom/google/inject/internal/InternalContext;Lcom/google/inject/internal/ConstructionContext;)Ljava/lang/Object;+3
j  com.google.inject.internal.ConstructorInjector$1.call()Ljava/lang/Object;+12
j  com.google.inject.internal.ProvisionListenerStackCallback$Provision.provision()Ljava/lang/Object;+30
j  com.google.inject.internal.ProvisionListenerStackCallback$Provision.provision()Ljava/lang/Object;+118
j  com.google.inject.internal.ProvisionListenerStackCallback.provision(Lcom/google/inject/internal/InternalContext;Lcom/google/inject/internal/ProvisionListenerStackCallback$ProvisionCallback;)Ljava/lang/Object;+14
j  com.google.inject.internal.ConstructorInjector.construct(Lcom/google/inject/internal/InternalContext;Lcom/google/inject/spi/Dependency;Lcom/google/inject/internal/ProvisionListenerStackCallback;)Ljava/lang/Object;+113
j  com.google.inject.internal.ConstructorBindingImpl$Factory.get(Lcom/google/inject/internal/InternalContext;Lcom/google/inject/spi/Dependency;Z)Ljava/lang/Object;+48
j  com.google.inject.internal.InjectorImpl$1.get()Ljava/lang/Object;+18
j  com.google.inject.internal.InjectorImpl.getInstance(Ljava/lang/Class;)Ljava/lang/Object;+5
j  org.eclipse.sisu.space.AbstractDeferredClass.get()Ljava/lang/Object;+8
j  com.google.inject.internal.ProviderInternalFactory.provision(Ljavax/inject/Provider;Lcom/google/inject/spi/Dependency;Lcom/google/inject/internal/ConstructionContext;)Ljava/lang/Object;+1
j  com.google.inject.internal.InternalFactoryToInitializableAdapter.provision(Ljavax/inject/Provider;Lcom/google/inject/spi/Dependency;Lcom/google/inject/internal/ConstructionContext;)Ljava/lang/Object;+4
j  com.google.inject.internal.ProviderInternalFactory$1.call()Ljava/lang/Object;+16
j  com.google.inject.internal.ProvisionListenerStackCallback$Provision.provision()Ljava/lang/Object;+30
j  com.google.inject.internal.ProvisionListenerStackCallback$Provision.provision()Ljava/lang/Object;+118
j  com.google.inject.internal.ProvisionListenerStackCallback.provision(Lcom/google/inject/internal/InternalContext;Lcom/google/inject/internal/ProvisionListenerStackCallback$ProvisionCallback;)Ljava/lang/Object;+14
j  com.google.inject.internal.ProviderInternalFactory.circularGet(Ljavax/inject/Provider;Lcom/google/inject/internal/InternalContext;Lcom/google/inject/spi/Dependency;Lcom/google/inject/internal/ProvisionListenerStackCallback;)Ljava/lang/Object;+91
j  com.google.inject.internal.InternalFactoryToInitializableAdapter.get(Lcom/google/inject/internal/InternalContext;Lcom/google/inject/spi/Dependency;Z)Ljava/lang/Object;+19
j  com.google.inject.internal.ProviderToInternalFactoryAdapter.get()Ljava/lang/Object;+18
j  com.google.inject.internal.SingletonScope$1.get()Ljava/lang/Object;+58
j  com.google.inject.internal.InternalFactoryToProviderAdapter.get(Lcom/google/inject/internal/InternalContext;Lcom/google/inject/spi/Dependency;Z)Ljava/lang/Object;+9
j  com.google.inject.internal.InjectorImpl$1.get()Ljava/lang/Object;+18
j  org.eclipse.sisu.inject.LazyBeanEntry.getValue()Ljava/lang/Object;+4
j  org.eclipse.sisu.plexus.LazyPlexusBean.getValue()Ljava/lang/Object;+4
j  org.eclipse.sisu.plexus.PlexusRequirements$RequirementProvider.get()Ljava/lang/Object;+28
j  org.eclipse.sisu.plexus.ProvidedPropertyBinding.injectProperty(Ljava/lang/Object;)V+9
j  org.eclipse.sisu.bean.BeanInjector.injectMembers(Ljava/lang/Object;)V+26
j  com.google.inject.internal.MembersInjectorImpl.injectMembers(Ljava/lang/Object;Lcom/google/inject/internal/InternalContext;Z)V+115
j  com.google.inject.internal.ConstructorInjector.provision(Lcom/google/inject/internal/InternalContext;Lcom/google/inject/internal/ConstructionContext;)Ljava/lang/Object;+59
j  com.google.inject.internal.ConstructorInjector.access$000(Lcom/google/inject/internal/ConstructorInjector;Lcom/google/inject/internal/InternalContext;Lcom/google/inject/internal/ConstructionContext;)Ljava/lang/Object;+3
j  com.google.inject.internal.ConstructorInjector$1.call()Ljava/lang/Object;+12
j  com.google.inject.internal.ProvisionListenerStackCallback$Provision.provision()Ljava/lang/Object;+30
j  com.google.inject.internal.ProvisionListenerStackCallback$Provision.provision()Ljava/lang/Object;+118
j  com.google.inject.internal.ProvisionListenerStackCallback.provision(Lcom/google/inject/internal/InternalContext;Lcom/google/inject/internal/ProvisionListenerStackCallback$ProvisionCallback;)Ljava/lang/Object;+14
j  com.google.inject.internal.ConstructorInjector.construct(Lcom/google/inject/internal/InternalContext;Lcom/google/inject/spi/Dependency;Lcom/google/inject/internal/ProvisionListenerStackCallback;)Ljava/lang/Object;+113
j  com.google.inject.internal.ConstructorBindingImpl$Factory.get(Lcom/google/inject/internal/InternalContext;Lcom/google/inject/spi/Dependency;Z)Ljava/lang/Object;+48
j  com.google.inject.internal.InjectorImpl$1.get()Ljava/lang/Object;+18
j  com.google.inject.internal.InjectorImpl.getInstance(Ljava/lang/Class;)Ljava/lang/Object;+5
j  org.eclipse.sisu.space.AbstractDeferredClass.get()Ljava/lang/Object;+8
j  com.google.inject.internal.ProviderInternalFactory.provision(Ljavax/inject/Provider;Lcom/google/inject/spi/Dependency;Lcom/google/inject/internal/ConstructionContext;)Ljava/lang/Object;+1
j  com.google.inject.internal.InternalFactoryToInitializableAdapter.provision(Ljavax/inject/Provider;Lcom/google/inject/spi/Dependency;Lcom/google/inject/internal/ConstructionContext;)Ljava/lang/Object;+4
j  com.google.inject.internal.ProviderInternalFactory$1.call()Ljava/lang/Object;+16
j  com.google.inject.internal.ProvisionListenerStackCallback$Provision.provision()Ljava/lang/Object;+30
j  org.eclipse.sisu.bean.BeanScheduler$CycleActivator.onProvision(Lcom/google/inject/spi/ProvisionListener$ProvisionInvocation;)V+62
j  com.google.inject.internal.ProvisionListenerStackCallback$Provision.provision()Ljava/lang/Object;+85
j  com.google.inject.internal.ProvisionListenerStackCallback.provision(Lcom/google/inject/internal/InternalContext;Lcom/google/inject/internal/ProvisionListenerStackCallback$ProvisionCallback;)Ljava/lang/Object;+14
j  com.google.inject.internal.ProviderInternalFactory.circularGet(Ljavax/inject/Provider;Lcom/google/inject/internal/InternalContext;Lcom/google/inject/spi/Dependency;Lcom/google/inject/internal/ProvisionListenerStackCallback;)Ljava/lang/Object;+91
j  com.google.inject.internal.InternalFactoryToInitializableAdapter.get(Lcom/google/inject/internal/InternalContext;Lcom/google/inject/spi/Dependency;Z)Ljava/lang/Object;+19
j  com.google.inject.internal.ProviderToInternalFactoryAdapter.get()Ljava/lang/Object;+18
j  com.google.inject.internal.SingletonScope$1.get()Ljava/lang/Object;+58
j  com.google.inject.internal.InternalFactoryToProviderAdapter.get(Lcom/google/inject/internal/InternalContext;Lcom/google/inject/spi/Dependency;Z)Ljava/lang/Object;+9
j  com.google.inject.internal.InjectorImpl$1.get()Ljava/lang/Object;+18
j  org.eclipse.sisu.inject.LazyBeanEntry.getValue()Ljava/lang/Object;+4
j  org.eclipse.sisu.plexus.LazyPlexusBean.getValue()Ljava/lang/Object;+4
j  org.codehaus.plexus.DefaultPlexusContainer.lookup(Ljava/lang/Class;Ljava/lang/String;Ljava/lang/String;)Ljava/lang/Object;+27
j  org.codehaus.plexus.DefaultPlexusContainer.lookup(Ljava/lang/Class;Ljava/lang/String;)Ljava/lang/Object;+4
j  org.codehaus.plexus.DefaultPlexusContainer.lookup(Ljava/lang/Class;)Ljava/lang/Object;+4
j  org.apache.maven.cli.MavenCli.container(Lorg/apache/maven/cli/CliRequest;)Lorg/codehaus/plexus/PlexusContainer;+547
j  org.apache.maven.cli.MavenCli.doMain(Lorg/apache/maven/cli/CliRequest;)I+34
j  org.apache.maven.cli.MavenCli.main([Ljava/lang/String;Lorg/codehaus/plexus/classworlds/ClassWorld;)I+24
v  ~StubRoutines::call_stub
j  jdk.internal.reflect.NativeMethodAccessorImpl.invoke0(Ljava/lang/reflect/Method;Ljava/lang/Object;[Ljava/lang/Object;)Ljava/lang/Object;+0 java.base@17.0.18
j  jdk.internal.reflect.NativeMethodAccessorImpl.invoke(Ljava/lang/Object;[Ljava/lang/Object;)Ljava/lang/Object;+133 java.base@17.0.18
j  jdk.internal.reflect.DelegatingMethodAccessorImpl.invoke(Ljava/lang/Object;[Ljava/lang/Object;)Ljava/lang/Object;+6 java.base@17.0.18
j  java.lang.reflect.Method.invoke(Ljava/lang/Object;[Ljava/lang/Object;)Ljava/lang/Object;+59 java.base@17.0.18
j  org.codehaus.plexus.classworlds.launcher.Launcher.launchEnhanced([Ljava/lang/String;)V+45
j  org.codehaus.plexus.classworlds.launcher.Launcher.launch([Ljava/lang/String;)V+2
j  org.codehaus.plexus.classworlds.launcher.Launcher.mainWithExitCode([Ljava/lang/String;)I+108
j  org.codehaus.plexus.classworlds.launcher.Launcher.main([Ljava/lang/String;)V+1
v  ~StubRoutines::call_stub
anewarray  189 anewarray  [0x000002009040ba60, 0x000002009040bb60]  256 bytes
[MachCode]
  0x000002009040ba60: 8b04 2448 | 83c4 0845 | 0fb7 4501 | 410f c841 | c1e8 1048 | 8b55 e848 | 8b52 0848 | 8b52 08e8 
  0x000002009040ba80: 0500 0000 | e9ad 0000 | 004c 8bc8 | 488d 4424 | 084c 896d | c049 8bcf | c5f8 7749 | 89af a802 
  0x000002009040baa0: 0000 4989 | 8798 0200 | 0048 83ec | 20f7 c40f | 0000 000f | 841a 0000 | 0048 83ec | 0849 bad0 
  0x000002009040bac0: 4f44 60ff | 7f00 0041 | ffd2 4883 | c408 e90d | 0000 0049 | bad0 4f44 | 60ff 7f00 | 0041 ffd2 
  0x000002009040bae0: 4883 c420 | 49c7 8798 | 0200 0000 | 0000 0049 | c787 a802 | 0000 0000 | 0000 49c7 | 87a0 0200 
  0x000002009040bb00: 0000 0000 | 00c5 f877 | 4981 7f08 | 0000 0000 | 0f84 0500 | 0000 e9e5 | 53fe ff49 | 8b87 f002 
  0x000002009040bb20: 0000 49c7 | 87f0 0200 | 0000 0000 | 004c 8b6d | c04c 8b75 | c8c3 410f | b65d 0349 | 83c5 0349 
  0x000002009040bb40: ba60 37c7 | 60ff 7f00 | 0041 ff24 | da66 6690 | 0000 0000 | 0000 0000 | 0000 0000 | 0000 0000 
[/MachCode]

Compiled method (c1) 1077 2399   !   3       com.google.inject.internal.ProvisionListenerStackCallback$Provision::provision (140 bytes)
 total in heap  [0x000002008935b910,0x000002008935c5b8] = 3240
 relocation     [0x000002008935ba70,0x000002008935bb30] = 192
 main code      [0x000002008935bb40,0x000002008935c200] = 1728
 stub code      [0x000002008935c200,0x000002008935c288] = 136
 oops           [0x000002008935c288,0x000002008935c290] = 8
 metadata       [0x000002008935c290,0x000002008935c2c8] = 56
 scopes data    [0x000002008935c2c8,0x000002008935c368] = 160
 scopes pcs     [0x000002008935c368,0x000002008935c4c8] = 352
 dependencies   [0x000002008935c4c8,0x000002008935c4d8] = 16
 handler table  [0x000002008935c4d8,0x000002008935c568] = 144
 nul chk table  [0x000002008935c568,0x000002008935c5b8] = 80

[Constant Pool (empty)]

[MachCode]
[Entry Point]
  # {method} {0x00000200e0bc67d0} 'provision' '()Ljava/lang/Object;' in 'com/google/inject/internal/ProvisionListenerStackCallback$Provision'
  #           [sp+0x60]  (sp of caller)
  0x000002008935bb40: 448b 5208 | 49bb 0000 | 009f 0002 | 0000 4d03 | d34c 3bd0 

  0x000002008935bb54: ;   {runtime_call ic_miss_stub}
  0x000002008935bb54: 0f85 265a | 0e07 660f | 1f44 0000 
[Verified Entry Point]
  0x000002008935bb60: 8984 2400 | 90ff ff55 | 4883 ec50 | 4889 5424 

  0x000002008935bb70: ;   {metadata(method data for {method} {0x00000200e0bc67d0} 'provision' '()Ljava/lang/Object;' in 'com/google/inject/internal/ProvisionListenerStackCallback$Provision')}
  0x000002008935bb70: 3048 bee0 | a9c1 e000 | 0200 008b | becc 0000 | 0083 c702 | 89be cc00 | 0000 81e7 | fe07 0000 
  0x000002008935bb90: 83ff 000f | 84eb 0400 | 008b 720c | ffc6 8972 | 0c8b 7a20 

  0x000002008935bba4: ;   {metadata(method data for {method} {0x00000200e0bc67d0} 'provision' '()Ljava/lang/Object;' in 'com/google/inject/internal/ProvisionListenerStackCallback$Provision')}
  0x000002008935bba4: 48bb e0a9 | c1e0 0002 | 0000 4883 | 8310 0100 | 0001 8b7f | 0c8b 5f0c 

  0x000002008935bbbc: ;   {metadata(method data for {method} {0x00000200e0bc67d0} 'provision' '()Ljava/lang/Object;' in 'com/google/inject/internal/ProvisionListenerStackCallback$Provision')}
  0x000002008935bbbc: 3bf3 48be | e0a9 c1e0 | 0002 0000 | 48c7 c020 | 0100 000f | 8507 0000 | 0048 c7c0 | 3001 0000 
  0x000002008935bbdc: 488b 0c06 | 488d 4901 | 4889 0c06 | 0f85 ea00 | 0000 8b72 | 1048 3b06 

  0x000002008935bbf4: ;   {metadata(method data for {method} {0x00000200e0bc67d0} 'provision' '()Ljava/lang/Object;' in 'com/google/inject/internal/ProvisionListenerStackCallback$Provision')}
  0x000002008935bbf4: 488b fe48 | bbe0 a9c1 | e000 0200 | 008b 7f08 | 49ba 0000 | 009f 0002 | 0000 4903 | fa48 3bbb 
  0x000002008935bc14: 5001 0000 | 750d 4883 | 8358 0100 | 0001 e966 | 0000 0048 | 3bbb 6001 | 0000 750d | 4883 8368 
  0x000002008935bc34: 0100 0001 | e950 0000 | 0048 81bb | 5001 0000 | 0000 0000 | 7517 4889 | bb50 0100 | 0048 c783 
  0x000002008935bc54: 5801 0000 | 0100 0000 | e92c 0000 | 0048 81bb | 6001 0000 | 0000 0000 | 7517 4889 | bb60 0100 
  0x000002008935bc74: 0048 c783 | 6801 0000 | 0100 0000 | e908 0000 | 0048 8383 | 4001 0000 | 0148 8bd6 | 0f1f 4400 
  0x000002008935bc94: 0048 b8ff | ffff ffff 

  0x000002008935bc9c: ;   {virtual_call}
  0x000002008935bc9c: ffff ffe8 

  0x000002008935bca0: ; ImmutableOopMap {[48]=Oop }
                      ;*invokeinterface call {reexecute=0 rethrow=0 return_oop=0}
                      ; - com.google.inject.internal.ProvisionListenerStackCallback$Provision::provision@30 (line 109)
  0x000002008935bca0: fc38 0e07 | 450f be47 | 3841 83f8 | 0048 8b54 | 2430 0f85 | fc03 0000 | 4c8b d044 | 8952 144c 
  0x000002008935bcc0: 8bc2 4c33 | c049 c1e8 | 1449 83f8 | 000f 85fd | 0300 00e9 | 7101 0000 

  0x000002008935bcd8: ;   {metadata(method data for {method} {0x00000200e0bc67d0} 'provision' '()Ljava/lang/Object;' in 'com/google/inject/internal/ProvisionListenerStackCallback$Provision')}
  0x000002008935bcd8: 8b72 0c49 | b8e0 a9c1 | e000 0200 | 0049 8380 | c801 0000 

  0x000002008935bcec: ;   {metadata(method data for {method} {0x00000200e0bc67d0} 'provision' '()Ljava/lang/Object;' in 'com/google/inject/internal/ProvisionListenerStackCallback$Provision')}
  0x000002008935bcec: 013b f349 | b8e0 a9c1 | e000 0200 | 0048 c7c3 | d801 0000 | 0f8d 0700 | 0000 48c7 | c3e8 0100 
  0x000002008935bd0c: 0049 8b04 | 1848 8d40 | 0149 8904 | 180f 8d55 

  0x000002008935bd1c: ;   {metadata(method data for {method} {0x00000200e0bc67d0} 'provision' '()Ljava/lang/Object;' in 'com/google/inject/internal/ProvisionListenerStackCallback$Provision')}
  0x000002008935bd1c: 0100 0049 | b8e0 a9c1 | e000 0200 | 0049 8380 | f801 0000 | 013b 770c | 0f83 ae03 | 0000 4c63 
  0x000002008935bd3c: c642 8b7c | 8710 4883 | ff00 0f84 | 2800 0000 

  0x000002008935bd4c: ;   {metadata('org/eclipse/sisu/bean/BeanScheduler$CycleActivator')}
  0x000002008935bd4c: 48b9 b870 | 02a0 0002 | 0000 8b5f | 0849 ba00 | 0000 9f00 | 0200 0049 | 03da 483b | cb0f 8587 
  0x000002008935bd6c: 0300 00e9 | 0000 0000 | 4c8b c748 | 3b07 4c8b 

  0x000002008935bd7c: ;   {metadata(method data for {method} {0x00000200e0bc67d0} 'provision' '()Ljava/lang/Object;' in 'com/google/inject/internal/ProvisionListenerStackCallback$Provision')}
  0x000002008935bd7c: c748 bbe0 | a9c1 e000 

  0x000002008935bd84: ;   {metadata('org/eclipse/sisu/bean/BeanScheduler$CycleActivator')}
  0x000002008935bd84: 0200 0049 | bab8 7002 | a000 0200 | 004c 8993 | 1802 0000 | 4883 8320 | 0200 0001 | 4c8b c248 
  0x000002008935bda4: 8bd7 8974 | 2438 0f1f 

  0x000002008935bdac: ;   {optimized virtual_call}
  0x000002008935bdac: 4400 00e8 

  0x000002008935bdb0: ; ImmutableOopMap {[48]=Oop }
                      ;*invokeinterface onProvision {reexecute=0 rethrow=0 return_oop=0}
                      ; - com.google.inject.internal.ProvisionListenerStackCallback$Provision::provision@85 (line 117)
  0x000002008935bdb0: 6104 0000 

  0x000002008935bdb4: ;   {metadata(method data for {method} {0x00000200e0bc67d0} 'provision' '()Ljava/lang/Object;' in 'com/google/inject/internal/ProvisionListenerStackCallback$Provision')}
  0x000002008935bdb4: 48ba e0a9 | c1e0 0002 | 0000 ff82 | 4002 0000 | 8b74 2438 | 488b 5424 | 308b 7a0c 

  0x000002008935bdd0: ;   {metadata(method data for {method} {0x00000200e0bc67d0} 'provision' '()Ljava/lang/Object;' in 'com/google/inject/internal/ProvisionListenerStackCallback$Provision')}
  0x000002008935bdd0: 3bf7 48be | e0a9 c1e0 | 0002 0000 | 48c7 c768 | 0200 000f | 8507 0000 | 0048 c7c7 | 7802 0000 
  0x000002008935bdf0: 488b 1c3e | 488d 5b01 | 4889 1c3e | 0f85 3200 | 0000 488b 

  0x000002008935be04: ;   {metadata(method data for {method} {0x00000200e0bc67d0} 'provision' '()Ljava/lang/Object;' in 'com/google/inject/internal/ProvisionListenerStackCallback$Provision')}
  0x000002008935be04: f248 bfe0 | a9c1 e000 

  0x000002008935be0c: ;   {metadata('com/google/inject/internal/ProvisionListenerStackCallback$Provision')}
  0x000002008935be0c: 0200 0049 | ba58 3a18 | a000 0200 | 004c 8997 | 9802 0000 | 4883 87a0 | 0200 0001 | 488b f248 
  0x000002008935be2c: ;   {optimized virtual_call}
  0x000002008935be2c: 8bd6 90e8 

  0x000002008935be30: ; ImmutableOopMap {[48]=Oop }
                      ;*invokevirtual provision {reexecute=0 rethrow=0 return_oop=0}
                      ; - com.google.inject.internal.ProvisionListenerStackCallback$Provision::provision@118 (line 124)
  0x000002008935be30: 2cfd ffff 

  0x000002008935be34: ;   {metadata(method data for {method} {0x00000200e0bc67d0} 'provision' '()Ljava/lang/Object;' in 'com/google/inject/internal/ProvisionListenerStackCallback$Provision')}
  0x000002008935be34: 48b8 e0a9 | c1e0 0002 | 0000 ff80 | c002 0000 | e910 0000 

  0x000002008935be48: ;   {metadata(method data for {method} {0x00000200e0bc67d0} 'provision' '()Ljava/lang/Object;' in 'com/google/inject/internal/ProvisionListenerStackCallback$Provision')}
  0x000002008935be48: 0048 b8e0 | a9c1 e000 | 0200 00ff | 8078 0100 | 0048 8b54 | 2430 8b42 | 1448 83c4 

  0x000002008935be64: ;   {poll_return}
  0x000002008935be64: 505d 493b | a748 0300 | 000f 878d | 0200 00c3 | 0f1f 4000 

  0x000002008935be78: ;   {no_reloc}
  0x000002008935be78: e9a8 0200 | 0000 0000 | 0000 80ba | 3301 0000 | 040f 85a5 | 0200 0049 | 8b87 0801 | 0000 488d 
  0x000002008935be98: 7828 493b | bf18 0100 | 000f 878d | 0200 0049 | 89bf 0801 | 0000 48c7 | 0001 0000 | 0048 8bca 
  0x000002008935beb8: 49ba 0000 | 009f 0002 | 0000 492b | ca89 4808 | 4833 c989 | 480c 4833 | c948 8948 | 1048 8948 
  0x000002008935bed8: 1848 8948 | 204c 8bc0 

  0x000002008935bee0: ;   {metadata(method data for {method} {0x00000200e0bc67d0} 'provision' '()Ljava/lang/Object;' in 'com/google/inject/internal/ProvisionListenerStackCallback$Provision')}
  0x000002008935bee0: 48ba e0a9 | c1e0 0002 | 0000 4883 | 82d8 0200 

  0x000002008935bef0: ;   {oop("Already provisioned in this listener."{0x000000008ad00910})}
  0x000002008935bef0: 0001 49b8 | 1009 d08a | 0000 0000 | 488b d048 | 8944 2440 

  0x000002008935bf04: ;   {optimized virtual_call}
  0x000002008935bf04: 6666 90e8 

  0x000002008935bf08: ; ImmutableOopMap {[64]=Oop }
                      ;*invokespecial <init> {reexecute=0 rethrow=0 return_oop=0}
                      ; - com.google.inject.internal.ProvisionListenerStackCallback$Provision::provision@131 (line 127)
  0x000002008935bf08: f45b 0e07 | 488b 4424 | 40e9 db02 | 0000 488b | 5424 3049 | 8b87 d803 | 0000 4d33 | d24d 8997 
  0x000002008935bf28: d803 0000 | 4d33 d24d | 8997 e003 | 0000 8b7a 

  0x000002008935bf38: ;   {metadata(method data for {method} {0x00000200e0bc67d0} 'provision' '()Ljava/lang/Object;' in 'com/google/inject/internal/ProvisionListenerStackCallback$Provision')}
  0x000002008935bf38: 2048 bbe0 | a9c1 e000 | 0200 0048 | 8383 5802 | 0000 018b | 7f0c 3b77 | 0c0f 83f9 | 0100 0048 
  0x000002008935bf58: 63f6 8b74 | b710 410f | be7f 3883 | ff00 0f85 | f201 0000 | 4c8b d644 | 8952 1c48 | 8bfa 4833 
  0x000002008935bf78: fe48 c1ef | 1448 83ff | 000f 85f2 | 0100 00e9 | 6502 0000 | 488b 5424 | 3049 8b87 | d803 0000 
  0x000002008935bf98: 4d33 d24d | 8997 d803 | 0000 4d33 | d24d 8997 | e003 0000 | 410f be77 | 3883 fe00 | 0f85 d701 
  0x000002008935bfb8: 0000 4c8b | d044 8952 | 1848 8bf2 | 4833 f048 | c1ee 1448 | 83fe 000f | 85d7 0100 | 0048 8bd0 
  0x000002008935bfd8: ;   {metadata(method data for {method} {0x00000200e0bc67d0} 'provision' '()Ljava/lang/Object;' in 'com/google/inject/internal/ProvisionListenerStackCallback$Provision')}
  0x000002008935bfd8: 48be e0a9 | c1e0 0002 | 0000 8b52 | 0849 ba00 | 0000 9f00 | 0200 0049 | 03d2 483b | 96a0 0100 
  0x000002008935bff8: 0075 0d48 | 8386 a801 | 0000 01e9 | 6600 0000 | 483b 96b0 | 0100 0075 | 0d48 8386 | b801 0000 
  0x000002008935c018: 01e9 5000 | 0000 4881 | bea0 0100 | 0000 0000 | 0075 1748 | 8996 a001 | 0000 48c7 | 86a8 0100 
  0x000002008935c038: 0001 0000 | 00e9 2c00 | 0000 4881 | beb0 0100 | 0000 0000 | 0075 1748 | 8996 b001 | 0000 48c7 
  0x000002008935c058: 86b8 0100 | 0001 0000 | 00e9 0800 | 0000 4883 | 8690 0100 | 0001 488b | d066 0f1f 

  0x000002008935c074: ;   {optimized virtual_call}
  0x000002008935c074: 4400 00e8 

  0x000002008935c078: ; ImmutableOopMap {}
                      ;*invokevirtual toProvisionException {reexecute=0 rethrow=0 return_oop=0}
                      ; - com.google.inject.internal.ProvisionListenerStackCallback$Provision::provision@48 (line 112)
  0x000002008935c078: 845a 0e07 

  0x000002008935c07c: ; implicit exception: dispatches to 0x000002008935c1c4
  0x000002008935c07c: 483b 00e9 | 6d01 0000 

  0x000002008935c084: ;   {metadata({method} {0x00000200e0bc67d0} 'provision' '()Ljava/lang/Object;' in 'com/google/inject/internal/ProvisionListenerStackCallback$Provision')}
  0x000002008935c084: 49ba c867 | bce0 0002 | 0000 4c89 | 5424 0848 | c704 24ff 

  0x000002008935c098: ;   {runtime_call counter_overflow Runtime1 stub}
  0x000002008935c098: ffff ffe8 

  0x000002008935c09c: ; ImmutableOopMap {rdx=Oop [48]=Oop }
                      ;*synchronization entry
                      ; - com.google.inject.internal.ProvisionListenerStackCallback$Provision::provision@-1 (line 106)
  0x000002008935c09c: e022 1907 | e9f4 faff 

  0x000002008935c0a4: ;   {runtime_call throw_null_pointer_exception Runtime1 stub}
  0x000002008935c0a4: ffe8 76ba 

  0x000002008935c0a8: ; ImmutableOopMap {rdx=Oop [48]=Oop }
                      ;*getfield listeners {reexecute=1 rethrow=0 return_oop=0}
                      ; - (reexecute) com.google.inject.internal.ProvisionListenerStackCallback::access$000@1 (line 31)
                      ; - com.google.inject.internal.ProvisionListenerStackCallback$Provision::provision@18 (line 107)
                      ;   {runtime_call throw_null_pointer_exception Runtime1 stub}
  0x000002008935c0a8: 1807 e871 

  0x000002008935c0ac: ; ImmutableOopMap {rdx=Oop [48]=Oop rdi=Oop }
                      ;*arraylength {reexecute=0 rethrow=0 return_oop=0}
                      ; - com.google.inject.internal.ProvisionListenerStackCallback$Provision::provision@21 (line 107)
                      ;   {runtime_call throw_null_pointer_exception Runtime1 stub}
  0x000002008935c0ac: ba18 07e8 

  0x000002008935c0b0: ; ImmutableOopMap {rdx=Oop [48]=Oop rsi=Oop }
                      ;*invokeinterface call {reexecute=0 rethrow=0 return_oop=0}
                      ; - com.google.inject.internal.ProvisionListenerStackCallback$Provision::provision@30 (line 109)
  0x000002008935c0b0: 6cba 1807 | 448b 4214 | 4983 f800 | 0f84 f6fb | ffff 4c89 

  0x000002008935c0c4: ;   {runtime_call g1_pre_barrier_slow}
  0x000002008935c0c4: 0424 e8b5 | 2f19 07e9 | e8fb ffff | 4883 f800 | 0f84 f9fb | ffff 4889 

  0x000002008935c0dc: ;   {runtime_call g1_post_barrier_slow}
  0x000002008935c0dc: 1424 e89d | 3319 07e9 | ebfb ffff | 4889 3424 | 4889 7c24 

  0x000002008935c0f0: ;   {runtime_call throw_range_check_failed Runtime1 stub}
  0x000002008935c0f0: 08e8 2aae 

  0x000002008935c0f4: ; ImmutableOopMap {rdx=Oop [48]=Oop rdi=Oop }
                      ;*aaload {reexecute=0 rethrow=0 return_oop=0}
                      ; - com.google.inject.internal.ProvisionListenerStackCallback$Provision::provision@83 (line 117)
                      ;   {runtime_call throw_incompatible_class_change_error Runtime1 stub}
  0x000002008935c0f4: 1807 e825 

  0x000002008935c0f8: ; ImmutableOopMap {rdx=Oop [48]=Oop rdi=Oop }
                      ;*invokeinterface onProvision {reexecute=0 rethrow=0 return_oop=0}
                      ; - com.google.inject.internal.ProvisionListenerStackCallback$Provision::provision@85 (line 117)
                      ;   {runtime_call throw_null_pointer_exception Runtime1 stub}
  0x000002008935c0f8: e918 07e8 

  0x000002008935c0fc: ; ImmutableOopMap {rdx=Oop [48]=Oop rdi=Oop }
                      ;*invokeinterface onProvision {reexecute=0 rethrow=0 return_oop=0}
                      ; - com.google.inject.internal.ProvisionListenerStackCallback$Provision::provision@85 (line 117)
  0x000002008935c0fc: 20ba 1807 

  0x000002008935c100: ;   {internal_word}
  0x000002008935c100: 49ba 66be | 3589 0002 | 0000 4d89 | 9760 0300 

  0x000002008935c110: ;   {runtime_call SafepointBlob}
  0x000002008935c110: 00e9 6ace 

  0x000002008935c114: ;   {metadata(NULL)}
  0x000002008935c114: 0e07 48ba | 0000 0000 | 0000 0000 | b800 0f05 

  0x000002008935c124: ;   {runtime_call load_klass_patching Runtime1 stub}
  0x000002008935c124: 0ae8 d605 

  0x000002008935c128: ; ImmutableOopMap {}
                      ;*new {reexecute=1 rethrow=0 return_oop=0}
                      ; - (reexecute) com.google.inject.internal.ProvisionListenerStackCallback$Provision::provision@125 (line 127)
  0x000002008935c128: 1907 e949 

  0x000002008935c12c: ;   {runtime_call throw_null_pointer_exception Runtime1 stub}
  0x000002008935c12c: fdff ffe8 

  0x000002008935c130: ; ImmutableOopMap {}
                      ;*new {reexecute=0 rethrow=0 return_oop=0}
                      ; - com.google.inject.internal.ProvisionListenerStackCallback$Provision::provision@125 (line 127)
  0x000002008935c130: ecb9 1807 

  0x000002008935c134: ;   {runtime_call fast_new_instance_init_check Runtime1 stub}
  0x000002008935c134: 488b d2e8 

  0x000002008935c138: ; ImmutableOopMap {}
                      ;*new {reexecute=0 rethrow=0 return_oop=0}
                      ; - com.google.inject.internal.ProvisionListenerStackCallback$Provision::provision@125 (line 127)
  0x000002008935c138: c4c8 1807 | e99c fdff 

  0x000002008935c140: ;   {runtime_call throw_null_pointer_exception Runtime1 stub}
  0x000002008935c140: ffe8 dab9 

  0x000002008935c144: ; ImmutableOopMap {rdx=Oop [48]=Oop rax=Oop }
                      ;*getfield listeners {reexecute=1 rethrow=0 return_oop=0}
                      ; - (reexecute) com.google.inject.internal.ProvisionListenerStackCallback::access$000@1 (line 31)
                      ; - com.google.inject.internal.ProvisionListenerStackCallback$Provision::provision@99 (line 119)
                      ;   {runtime_call throw_null_pointer_exception Runtime1 stub}
  0x000002008935c144: 1807 e8d5 

  0x000002008935c148: ; ImmutableOopMap {rdx=Oop [48]=Oop rax=Oop rdi=Oop }
                      ;*aaload {reexecute=0 rethrow=0 return_oop=0}
                      ; - com.google.inject.internal.ProvisionListenerStackCallback$Provision::provision@103 (line 119)
                      ;   {runtime_call throw_null_pointer_exception Runtime1 stub}
  0x000002008935c148: b918 07e8 

  0x000002008935c14c: ; ImmutableOopMap {rdx=Oop [48]=Oop rax=Oop rdi=Oop }
                      ;*aaload {reexecute=0 rethrow=0 return_oop=0}
                      ; - com.google.inject.internal.ProvisionListenerStackCallback$Provision::provision@103 (line 119)
  0x000002008935c14c: d0b9 1807 | 4889 3424 | 4889 7c24 

  0x000002008935c158: ;   {runtime_call throw_range_check_failed Runtime1 stub}
  0x000002008935c158: 08e8 c2ad 

  0x000002008935c15c: ; ImmutableOopMap {rdx=Oop [48]=Oop rax=Oop rdi=Oop }
                      ;*aaload {reexecute=0 rethrow=0 return_oop=0}
                      ; - com.google.inject.internal.ProvisionListenerStackCallback$Provision::provision@103 (line 119)
  0x000002008935c15c: 1807 8b7a | 1c48 83ff | 000f 8401 | feff ff48 

  0x000002008935c16c: ;   {runtime_call g1_pre_barrier_slow}
  0x000002008935c16c: 893c 24e8 | 0c2f 1907 | e9f3 fdff | ff48 83fe | 000f 8404 | feff ff48 

  0x000002008935c184: ;   {runtime_call g1_post_barrier_slow}
  0x000002008935c184: 8914 24e8 | f432 1907 | e9f6 fdff | ff8b 7218 | 4883 fe00 | 0f84 1cfe | ffff 4889 

  0x000002008935c1a0: ;   {runtime_call g1_pre_barrier_slow}
  0x000002008935c1a0: 3424 e8d9 | 2e19 07e9 | 0efe ffff | 4883 f800 | 0f84 1ffe | ffff 4889 

  0x000002008935c1b8: ;   {runtime_call g1_post_barrier_slow}
  0x000002008935c1b8: 1424 e8c1 | 3219 07e9 | 11fe ffff 

  0x000002008935c1c4: ;   {runtime_call throw_null_pointer_exception Runtime1 stub}
  0x000002008935c1c4: e857 b918 

  0x000002008935c1c8: ; ImmutableOopMap {rax=Oop }
                      ;*athrow {reexecute=1 rethrow=0 return_oop=0}
                      ; - (reexecute) com.google.inject.internal.ProvisionListenerStackCallback$Provision::provision@51 (line 112)
  0x000002008935c1c8: 078b 7424 | 38e9 44fd | ffff 9090 | 498b 87d8 | 0300 0049 | c787 d803 | 0000 0000 | 0000 49c7 
  0x000002008935c1e8: 87e0 0300 | 0000 0000 | 0048 83c4 

  0x000002008935c1f4: ;   {runtime_call unwind_exception Runtime1 stub}
  0x000002008935c1f4: 505d e985 | a018 07f4 | f4f4 f4f4 
[Stub Code]
  0x000002008935c200: ;   {no_reloc}
  0x000002008935c200: 0f1f 4400 

  0x000002008935c204: ;   {static_stub}
  0x000002008935c204: 0048 bb00 | 0000 0000 

  0x000002008935c20c: ;   {runtime_call}
  0x000002008935c20c: 0000 00e9 | fbff ffff 

  0x000002008935c214: ;   {static_stub}
  0x000002008935c214: 9048 bba0 | ef50 e000 

  0x000002008935c21c: ;   {runtime_call I2C/C2I adapters}
  0x000002008935c21c: 0200 00e9 | 39b3 0e07 

  0x000002008935c224: ;   {static_stub}
  0x000002008935c224: 9048 bb00 | 0000 0000 

  0x000002008935c22c: ;   {runtime_call}
  0x000002008935c22c: 0000 00e9 | fbff ffff 

  0x000002008935c234: ;   {static_stub}
  0x000002008935c234: 9048 bb00 | 0000 0000 

  0x000002008935c23c: ;   {runtime_call}
  0x000002008935c23c: 0000 00e9 | fbff ffff 

  0x000002008935c244: ;   {static_stub}
  0x000002008935c244: 9048 bb00 | 0000 0000 

  0x000002008935c24c: ;   {runtime_call}
  0x000002008935c24c: 0000 00e9 | fbff ffff 
[Exception Handler]
  0x000002008935c254: ;   {runtime_call handle_exception_from_callee Runtime1 stub}
  0x000002008935c254: e8a7 de18 

  0x000002008935c258: ;   {external_word}
  0x000002008935c258: 0748 b900 | ea9e 60ff | 7f00 0048 

  0x000002008935c264: ;   {runtime_call}
  0x000002008935c264: 83e4 f049 | ba40 9667 | 60ff 7f00 | 0041 ffd2 

  0x000002008935c274: ;   {section_word}
  0x000002008935c274: f449 ba75 | c235 8900 | 0200 0041 

  0x000002008935c280: ;   {runtime_call DeoptimizationBlob}
  0x000002008935c280: 52e9 9ae1 | 0e07 f4f4 
[/MachCode]


---------------  P R O C E S S  ---------------

Threads class SMR info:
_java_thread_list=0x00000200e44f6d20, length=12, elements={
0x00000200ff5b2850, 0x000002009ed544a0, 0x000002009ed56f80, 0x000002009ed6c7f0,
0x000002009ed6f1d0, 0x000002009ed6faa0, 0x000002009ed72380, 0x000002009ed75040,
0x000002009ed76960, 0x000002009ed7ffc0, 0x00000200e414ee10, 0x00000200e414ff50
}

Java Threads: ( => current thread )
=>0x00000200ff5b2850 JavaThread "main" [_thread_in_vm, id=11436, stack(0x000000a15fd00000,0x000000a15fe00000)]
  0x000002009ed544a0 JavaThread "Reference Handler" daemon [_thread_blocked, id=14684, stack(0x000000a160400000,0x000000a160500000)]
  0x000002009ed56f80 JavaThread "Finalizer" daemon [_thread_blocked, id=20256, stack(0x000000a160500000,0x000000a160600000)]
  0x000002009ed6c7f0 JavaThread "Signal Dispatcher" daemon [_thread_blocked, id=8376, stack(0x000000a160600000,0x000000a160700000)]
  0x000002009ed6f1d0 JavaThread "Attach Listener" daemon [_thread_blocked, id=2776, stack(0x000000a160700000,0x000000a160800000)]
  0x000002009ed6faa0 JavaThread "Service Thread" daemon [_thread_blocked, id=16232, stack(0x000000a160800000,0x000000a160900000)]
  0x000002009ed72380 JavaThread "Monitor Deflation Thread" daemon [_thread_blocked, id=16592, stack(0x000000a160900000,0x000000a160a00000)]
  0x000002009ed75040 JavaThread "C2 CompilerThread0" daemon [_thread_blocked, id=17180, stack(0x000000a160a00000,0x000000a160b00000)]
  0x000002009ed76960 JavaThread "C1 CompilerThread0" daemon [_thread_blocked, id=15400, stack(0x000000a160b00000,0x000000a160c00000)]
  0x000002009ed7ffc0 JavaThread "Sweeper thread" daemon [_thread_blocked, id=16540, stack(0x000000a160c00000,0x000000a160d00000)]
  0x00000200e414ee10 JavaThread "Notification Thread" daemon [_thread_blocked, id=18180, stack(0x000000a160d00000,0x000000a160e00000)]
  0x00000200e414ff50 JavaThread "Common-Cleaner" daemon [_thread_blocked, id=7624, stack(0x000000a160f00000,0x000000a161000000)]

Other Threads:
  0x000002009ed50050 VMThread "VM Thread" [stack: 0x000000a160300000,0x000000a160400000] [id=20696]
  0x00000200e414f2f0 WatcherThread [stack: 0x000000a160e00000,0x000000a160f00000] [id=16588]
  0x00000200ff60c170 GCTaskThread "GC Thread#0" [stack: 0x000000a15fe00000,0x000000a15ff00000] [id=15060]
  0x00000200e495e6c0 GCTaskThread "GC Thread#1" [stack: 0x000000a161000000,0x000000a161100000] [id=20080]
  0x00000200e459bf60 GCTaskThread "GC Thread#2" [stack: 0x000000a161100000,0x000000a161200000] [id=9248]
  0x00000200e4a24850 GCTaskThread "GC Thread#3" [stack: 0x000000a161200000,0x000000a161300000] [id=2716]
  0x00000200e4a24b10 GCTaskThread "GC Thread#4" [stack: 0x000000a161300000,0x000000a161400000] [id=20412]
  0x00000200e4a273f0 GCTaskThread "GC Thread#5" [stack: 0x000000a161400000,0x000000a161500000] [id=10384]
  0x00000200e4a276b0 GCTaskThread "GC Thread#6" [stack: 0x000000a161500000,0x000000a161600000] [id=13000]
  0x00000200e4ad15e0 GCTaskThread "GC Thread#7" [stack: 0x000000a161600000,0x000000a161700000] [id=20880]
  0x00000200ff61d9a0 ConcurrentGCThread "G1 Main Marker" [stack: 0x000000a15ff00000,0x000000a160000000] [id=6228]
  0x00000200ff61e2d0 ConcurrentGCThread "G1 Conc#0" [stack: 0x000000a160000000,0x000000a160100000] [id=16728]
  0x00000200ff66e0a0 ConcurrentGCThread "G1 Refine#0" [stack: 0x000000a160100000,0x000000a160200000] [id=11660]
  0x00000200ff66e880 ConcurrentGCThread "G1 Service" [stack: 0x000000a160200000,0x000000a160300000] [id=18488]

Threads with active compile tasks:

VM state: not at safepoint (normal execution)

VM Mutex/Monitor currently owned by a thread:  ([mutex/lock_event])
[0x00000200fe759ac0] Metaspace_lock - owner thread: 0x00000200ff5b2850

Heap address: 0x0000000083200000, size: 1998 MB, Compressed Oops mode: 32-bit

CDS archive(s) mapped at: [0x000002009f000000-0x000002009fbb0000-0x000002009fbb0000), size 12255232, SharedBaseAddress: 0x000002009f000000, ArchiveRelocationMode: 1.
Compressed class space mapped at: 0x00000200a0000000-0x00000200e0000000, reserved size: 1073741824
Narrow klass base: 0x000002009f000000, Narrow klass shift: 0, Narrow klass range: 0x100000000

GC Precious Log:
 CPUs: 8 total, 8 available
 Memory: 7991M
 Large Page Support: Disabled
 NUMA Support: Disabled
 Compressed Oops: Enabled (32-bit)
 Heap Region Size: 1M
 Heap Min Capacity: 8M
 Heap Initial Capacity: 126M
 Heap Max Capacity: 1998M
 Pre-touch: Disabled
 Parallel Workers: 8
 Concurrent Workers: 2
 Concurrent Refinement Workers: 8
 Periodic GC: Disabled

Heap:
 garbage-first heap   total 129024K, used 23828K [0x0000000083200000, 0x0000000100000000)
  region size 1024K, 21 young (21504K), 2 survivors (2048K)
 Metaspace       used 12617K, committed 12800K, reserved 1114112K
  class space    used 1565K, committed 1664K, reserved 1048576K

Heap Regions: E=young(eden), S=young(survivor), O=old, HS=humongous(starts), HC=humongous(continues), CS=collection set, F=free, OA=open archive, CA=closed archive, TAMS=top-at-mark-start (previous, next)
|   0|0x0000000083200000, 0x0000000083300000, 0x0000000083300000|100%| O|  |TAMS 0x0000000083200000, 0x0000000083200000| Untracked 
|   1|0x0000000083300000, 0x0000000083400000, 0x0000000083400000|100%| O|  |TAMS 0x0000000083300000, 0x0000000083300000| Untracked 
|   2|0x0000000083400000, 0x0000000083500000, 0x0000000083500000|100%| O|  |TAMS 0x0000000083400000, 0x0000000083400000| Untracked 
|   3|0x0000000083500000, 0x0000000083596000, 0x0000000083600000| 58%| O|  |TAMS 0x0000000083500000, 0x0000000083500000| Untracked 
|   4|0x0000000083600000, 0x0000000083600000, 0x0000000083700000|  0%| F|  |TAMS 0x0000000083600000, 0x0000000083600000| Untracked 
|   5|0x0000000083700000, 0x0000000083700000, 0x0000000083800000|  0%| F|  |TAMS 0x0000000083700000, 0x0000000083700000| Untracked 
|   6|0x0000000083800000, 0x0000000083800000, 0x0000000083900000|  0%| F|  |TAMS 0x0000000083800000, 0x0000000083800000| Untracked 
|   7|0x0000000083900000, 0x0000000083900000, 0x0000000083a00000|  0%| F|  |TAMS 0x0000000083900000, 0x0000000083900000| Untracked 
|   8|0x0000000083a00000, 0x0000000083a00000, 0x0000000083b00000|  0%| F|  |TAMS 0x0000000083a00000, 0x0000000083a00000| Untracked 
|   9|0x0000000083b00000, 0x0000000083b00000, 0x0000000083c00000|  0%| F|  |TAMS 0x0000000083b00000, 0x0000000083b00000| Untracked 
|  10|0x0000000083c00000, 0x0000000083c00000, 0x0000000083d00000|  0%| F|  |TAMS 0x0000000083c00000, 0x0000000083c00000| Untracked 
|  11|0x0000000083d00000, 0x0000000083d00000, 0x0000000083e00000|  0%| F|  |TAMS 0x0000000083d00000, 0x0000000083d00000| Untracked 
|  12|0x0000000083e00000, 0x0000000083e00000, 0x0000000083f00000|  0%| F|  |TAMS 0x0000000083e00000, 0x0000000083e00000| Untracked 
|  13|0x0000000083f00000, 0x0000000083f00000, 0x0000000084000000|  0%| F|  |TAMS 0x0000000083f00000, 0x0000000083f00000| Untracked 
|  14|0x0000000084000000, 0x0000000084000000, 0x0000000084100000|  0%| F|  |TAMS 0x0000000084000000, 0x0000000084000000| Untracked 
|  15|0x0000000084100000, 0x0000000084100000, 0x0000000084200000|  0%| F|  |TAMS 0x0000000084100000, 0x0000000084100000| Untracked 
|  16|0x0000000084200000, 0x0000000084200000, 0x0000000084300000|  0%| F|  |TAMS 0x0000000084200000, 0x0000000084200000| Untracked 
|  17|0x0000000084300000, 0x0000000084300000, 0x0000000084400000|  0%| F|  |TAMS 0x0000000084300000, 0x0000000084300000| Untracked 
|  18|0x0000000084400000, 0x0000000084400000, 0x0000000084500000|  0%| F|  |TAMS 0x0000000084400000, 0x0000000084400000| Untracked 
|  19|0x0000000084500000, 0x0000000084500000, 0x0000000084600000|  0%| F|  |TAMS 0x0000000084500000, 0x0000000084500000| Untracked 
|  20|0x0000000084600000, 0x0000000084600000, 0x0000000084700000|  0%| F|  |TAMS 0x0000000084600000, 0x0000000084600000| Untracked 
|  21|0x0000000084700000, 0x0000000084700000, 0x0000000084800000|  0%| F|  |TAMS 0x0000000084700000, 0x0000000084700000| Untracked 
|  22|0x0000000084800000, 0x0000000084800000, 0x0000000084900000|  0%| F|  |TAMS 0x0000000084800000, 0x0000000084800000| Untracked 
|  23|0x0000000084900000, 0x0000000084900000, 0x0000000084a00000|  0%| F|  |TAMS 0x0000000084900000, 0x0000000084900000| Untracked 
|  24|0x0000000084a00000, 0x0000000084a00000, 0x0000000084b00000|  0%| F|  |TAMS 0x0000000084a00000, 0x0000000084a00000| Untracked 
|  25|0x0000000084b00000, 0x0000000084b00000, 0x0000000084c00000|  0%| F|  |TAMS 0x0000000084b00000, 0x0000000084b00000| Untracked 
|  26|0x0000000084c00000, 0x0000000084c00000, 0x0000000084d00000|  0%| F|  |TAMS 0x0000000084c00000, 0x0000000084c00000| Untracked 
|  27|0x0000000084d00000, 0x0000000084d00000, 0x0000000084e00000|  0%| F|  |TAMS 0x0000000084d00000, 0x0000000084d00000| Untracked 
|  28|0x0000000084e00000, 0x0000000084e00000, 0x0000000084f00000|  0%| F|  |TAMS 0x0000000084e00000, 0x0000000084e00000| Untracked 
|  29|0x0000000084f00000, 0x0000000084f00000, 0x0000000085000000|  0%| F|  |TAMS 0x0000000084f00000, 0x0000000084f00000| Untracked 
|  30|0x0000000085000000, 0x0000000085000000, 0x0000000085100000|  0%| F|  |TAMS 0x0000000085000000, 0x0000000085000000| Untracked 
|  31|0x0000000085100000, 0x0000000085100000, 0x0000000085200000|  0%| F|  |TAMS 0x0000000085100000, 0x0000000085100000| Untracked 
|  32|0x0000000085200000, 0x0000000085200000, 0x0000000085300000|  0%| F|  |TAMS 0x0000000085200000, 0x0000000085200000| Untracked 
|  33|0x0000000085300000, 0x0000000085300000, 0x0000000085400000|  0%| F|  |TAMS 0x0000000085300000, 0x0000000085300000| Untracked 
|  34|0x0000000085400000, 0x0000000085400000, 0x0000000085500000|  0%| F|  |TAMS 0x0000000085400000, 0x0000000085400000| Untracked 
|  35|0x0000000085500000, 0x0000000085500000, 0x0000000085600000|  0%| F|  |TAMS 0x0000000085500000, 0x0000000085500000| Untracked 
|  36|0x0000000085600000, 0x0000000085600000, 0x0000000085700000|  0%| F|  |TAMS 0x0000000085600000, 0x0000000085600000| Untracked 
|  37|0x0000000085700000, 0x0000000085700000, 0x0000000085800000|  0%| F|  |TAMS 0x0000000085700000, 0x0000000085700000| Untracked 
|  38|0x0000000085800000, 0x0000000085800000, 0x0000000085900000|  0%| F|  |TAMS 0x0000000085800000, 0x0000000085800000| Untracked 
|  39|0x0000000085900000, 0x0000000085900000, 0x0000000085a00000|  0%| F|  |TAMS 0x0000000085900000, 0x0000000085900000| Untracked 
|  40|0x0000000085a00000, 0x0000000085a00000, 0x0000000085b00000|  0%| F|  |TAMS 0x0000000085a00000, 0x0000000085a00000| Untracked 
|  41|0x0000000085b00000, 0x0000000085b00000, 0x0000000085c00000|  0%| F|  |TAMS 0x0000000085b00000, 0x0000000085b00000| Untracked 
|  42|0x0000000085c00000, 0x0000000085c00000, 0x0000000085d00000|  0%| F|  |TAMS 0x0000000085c00000, 0x0000000085c00000| Untracked 
|  43|0x0000000085d00000, 0x0000000085d00000, 0x0000000085e00000|  0%| F|  |TAMS 0x0000000085d00000, 0x0000000085d00000| Untracked 
|  44|0x0000000085e00000, 0x0000000085e00000, 0x0000000085f00000|  0%| F|  |TAMS 0x0000000085e00000, 0x0000000085e00000| Untracked 
|  45|0x0000000085f00000, 0x0000000085f00000, 0x0000000086000000|  0%| F|  |TAMS 0x0000000085f00000, 0x0000000085f00000| Untracked 
|  46|0x0000000086000000, 0x0000000086000000, 0x0000000086100000|  0%| F|  |TAMS 0x0000000086000000, 0x0000000086000000| Untracked 
|  47|0x0000000086100000, 0x0000000086100000, 0x0000000086200000|  0%| F|  |TAMS 0x0000000086100000, 0x0000000086100000| Untracked 
|  48|0x0000000086200000, 0x0000000086200000, 0x0000000086300000|  0%| F|  |TAMS 0x0000000086200000, 0x0000000086200000| Untracked 
|  49|0x0000000086300000, 0x0000000086300000, 0x0000000086400000|  0%| F|  |TAMS 0x0000000086300000, 0x0000000086300000| Untracked 
|  50|0x0000000086400000, 0x0000000086400000, 0x0000000086500000|  0%| F|  |TAMS 0x0000000086400000, 0x0000000086400000| Untracked 
|  51|0x0000000086500000, 0x0000000086500000, 0x0000000086600000|  0%| F|  |TAMS 0x0000000086500000, 0x0000000086500000| Untracked 
|  52|0x0000000086600000, 0x0000000086600000, 0x0000000086700000|  0%| F|  |TAMS 0x0000000086600000, 0x0000000086600000| Untracked 
|  53|0x0000000086700000, 0x0000000086700000, 0x0000000086800000|  0%| F|  |TAMS 0x0000000086700000, 0x0000000086700000| Untracked 
|  54|0x0000000086800000, 0x0000000086800000, 0x0000000086900000|  0%| F|  |TAMS 0x0000000086800000, 0x0000000086800000| Untracked 
|  55|0x0000000086900000, 0x0000000086900000, 0x0000000086a00000|  0%| F|  |TAMS 0x0000000086900000, 0x0000000086900000| Untracked 
|  56|0x0000000086a00000, 0x0000000086a00000, 0x0000000086b00000|  0%| F|  |TAMS 0x0000000086a00000, 0x0000000086a00000| Untracked 
|  57|0x0000000086b00000, 0x0000000086b00000, 0x0000000086c00000|  0%| F|  |TAMS 0x0000000086b00000, 0x0000000086b00000| Untracked 
|  58|0x0000000086c00000, 0x0000000086c00000, 0x0000000086d00000|  0%| F|  |TAMS 0x0000000086c00000, 0x0000000086c00000| Untracked 
|  59|0x0000000086d00000, 0x0000000086d00000, 0x0000000086e00000|  0%| F|  |TAMS 0x0000000086d00000, 0x0000000086d00000| Untracked 
|  60|0x0000000086e00000, 0x0000000086e00000, 0x0000000086f00000|  0%| F|  |TAMS 0x0000000086e00000, 0x0000000086e00000| Untracked 
|  61|0x0000000086f00000, 0x0000000086f00000, 0x0000000087000000|  0%| F|  |TAMS 0x0000000086f00000, 0x0000000086f00000| Untracked 
|  62|0x0000000087000000, 0x0000000087000000, 0x0000000087100000|  0%| F|  |TAMS 0x0000000087000000, 0x0000000087000000| Untracked 
|  63|0x0000000087100000, 0x0000000087100000, 0x0000000087200000|  0%| F|  |TAMS 0x0000000087100000, 0x0000000087100000| Untracked 
|  64|0x0000000087200000, 0x0000000087200000, 0x0000000087300000|  0%| F|  |TAMS 0x0000000087200000, 0x0000000087200000| Untracked 
|  65|0x0000000087300000, 0x0000000087300000, 0x0000000087400000|  0%| F|  |TAMS 0x0000000087300000, 0x0000000087300000| Untracked 
|  66|0x0000000087400000, 0x0000000087400000, 0x0000000087500000|  0%| F|  |TAMS 0x0000000087400000, 0x0000000087400000| Untracked 
|  67|0x0000000087500000, 0x0000000087500000, 0x0000000087600000|  0%| F|  |TAMS 0x0000000087500000, 0x0000000087500000| Untracked 
|  68|0x0000000087600000, 0x0000000087600000, 0x0000000087700000|  0%| F|  |TAMS 0x0000000087600000, 0x0000000087600000| Untracked 
|  69|0x0000000087700000, 0x0000000087700000, 0x0000000087800000|  0%| F|  |TAMS 0x0000000087700000, 0x0000000087700000| Untracked 
|  70|0x0000000087800000, 0x0000000087800000, 0x0000000087900000|  0%| F|  |TAMS 0x0000000087800000, 0x0000000087800000| Untracked 
|  71|0x0000000087900000, 0x0000000087900000, 0x0000000087a00000|  0%| F|  |TAMS 0x0000000087900000, 0x0000000087900000| Untracked 
|  72|0x0000000087a00000, 0x0000000087a00000, 0x0000000087b00000|  0%| F|  |TAMS 0x0000000087a00000, 0x0000000087a00000| Untracked 
|  73|0x0000000087b00000, 0x0000000087b00000, 0x0000000087c00000|  0%| F|  |TAMS 0x0000000087b00000, 0x0000000087b00000| Untracked 
|  74|0x0000000087c00000, 0x0000000087c00000, 0x0000000087d00000|  0%| F|  |TAMS 0x0000000087c00000, 0x0000000087c00000| Untracked 
|  75|0x0000000087d00000, 0x0000000087d00000, 0x0000000087e00000|  0%| F|  |TAMS 0x0000000087d00000, 0x0000000087d00000| Untracked 
|  76|0x0000000087e00000, 0x0000000087e00000, 0x0000000087f00000|  0%| F|  |TAMS 0x0000000087e00000, 0x0000000087e00000| Untracked 
|  77|0x0000000087f00000, 0x0000000087f00000, 0x0000000088000000|  0%| F|  |TAMS 0x0000000087f00000, 0x0000000087f00000| Untracked 
|  78|0x0000000088000000, 0x0000000088000000, 0x0000000088100000|  0%| F|  |TAMS 0x0000000088000000, 0x0000000088000000| Untracked 
|  79|0x0000000088100000, 0x0000000088100000, 0x0000000088200000|  0%| F|  |TAMS 0x0000000088100000, 0x0000000088100000| Untracked 
|  80|0x0000000088200000, 0x0000000088200000, 0x0000000088300000|  0%| F|  |TAMS 0x0000000088200000, 0x0000000088200000| Untracked 
|  81|0x0000000088300000, 0x0000000088300000, 0x0000000088400000|  0%| F|  |TAMS 0x0000000088300000, 0x0000000088300000| Untracked 
|  82|0x0000000088400000, 0x0000000088400000, 0x0000000088500000|  0%| F|  |TAMS 0x0000000088400000, 0x0000000088400000| Untracked 
|  83|0x0000000088500000, 0x0000000088500000, 0x0000000088600000|  0%| F|  |TAMS 0x0000000088500000, 0x0000000088500000| Untracked 
|  84|0x0000000088600000, 0x0000000088600000, 0x0000000088700000|  0%| F|  |TAMS 0x0000000088600000, 0x0000000088600000| Untracked 
|  85|0x0000000088700000, 0x0000000088700000, 0x0000000088800000|  0%| F|  |TAMS 0x0000000088700000, 0x0000000088700000| Untracked 
|  86|0x0000000088800000, 0x0000000088800000, 0x0000000088900000|  0%| F|  |TAMS 0x0000000088800000, 0x0000000088800000| Untracked 
|  87|0x0000000088900000, 0x0000000088900000, 0x0000000088a00000|  0%| F|  |TAMS 0x0000000088900000, 0x0000000088900000| Untracked 
|  88|0x0000000088a00000, 0x0000000088a00000, 0x0000000088b00000|  0%| F|  |TAMS 0x0000000088a00000, 0x0000000088a00000| Untracked 
|  89|0x0000000088b00000, 0x0000000088b00000, 0x0000000088c00000|  0%| F|  |TAMS 0x0000000088b00000, 0x0000000088b00000| Untracked 
|  90|0x0000000088c00000, 0x0000000088caf2e0, 0x0000000088d00000| 68%| S|CS|TAMS 0x0000000088c00000, 0x0000000088c00000| Complete 
|  91|0x0000000088d00000, 0x0000000088e00000, 0x0000000088e00000|100%| S|CS|TAMS 0x0000000088d00000, 0x0000000088d00000| Complete 
|  92|0x0000000088e00000, 0x0000000088e00000, 0x0000000088f00000|  0%| F|  |TAMS 0x0000000088e00000, 0x0000000088e00000| Untracked 
|  93|0x0000000088f00000, 0x0000000088f00000, 0x0000000089000000|  0%| F|  |TAMS 0x0000000088f00000, 0x0000000088f00000| Untracked 
|  94|0x0000000089000000, 0x0000000089000000, 0x0000000089100000|  0%| F|  |TAMS 0x0000000089000000, 0x0000000089000000| Untracked 
|  95|0x0000000089100000, 0x0000000089100000, 0x0000000089200000|  0%| F|  |TAMS 0x0000000089100000, 0x0000000089100000| Untracked 
|  96|0x0000000089200000, 0x0000000089200000, 0x0000000089300000|  0%| F|  |TAMS 0x0000000089200000, 0x0000000089200000| Untracked 
|  97|0x0000000089300000, 0x0000000089300000, 0x0000000089400000|  0%| F|  |TAMS 0x0000000089300000, 0x0000000089300000| Untracked 
|  98|0x0000000089400000, 0x0000000089400000, 0x0000000089500000|  0%| F|  |TAMS 0x0000000089400000, 0x0000000089400000| Untracked 
|  99|0x0000000089500000, 0x0000000089500000, 0x0000000089600000|  0%| F|  |TAMS 0x0000000089500000, 0x0000000089500000| Untracked 
| 100|0x0000000089600000, 0x0000000089600000, 0x0000000089700000|  0%| F|  |TAMS 0x0000000089600000, 0x0000000089600000| Untracked 
| 101|0x0000000089700000, 0x0000000089700000, 0x0000000089800000|  0%| F|  |TAMS 0x0000000089700000, 0x0000000089700000| Untracked 
| 102|0x0000000089800000, 0x0000000089800000, 0x0000000089900000|  0%| F|  |TAMS 0x0000000089800000, 0x0000000089800000| Untracked 
| 103|0x0000000089900000, 0x0000000089900000, 0x0000000089a00000|  0%| F|  |TAMS 0x0000000089900000, 0x0000000089900000| Untracked 
| 104|0x0000000089a00000, 0x0000000089a00000, 0x0000000089b00000|  0%| F|  |TAMS 0x0000000089a00000, 0x0000000089a00000| Untracked 
| 105|0x0000000089b00000, 0x0000000089b00000, 0x0000000089c00000|  0%| F|  |TAMS 0x0000000089b00000, 0x0000000089b00000| Untracked 
| 106|0x0000000089c00000, 0x0000000089c00000, 0x0000000089d00000|  0%| F|  |TAMS 0x0000000089c00000, 0x0000000089c00000| Untracked 
| 107|0x0000000089d00000, 0x0000000089d80000, 0x0000000089e00000| 50%| E|  |TAMS 0x0000000089d00000, 0x0000000089d00000| Complete 
| 108|0x0000000089e00000, 0x0000000089f00000, 0x0000000089f00000|100%| E|CS|TAMS 0x0000000089e00000, 0x0000000089e00000| Complete 
| 109|0x0000000089f00000, 0x000000008a000000, 0x000000008a000000|100%| E|CS|TAMS 0x0000000089f00000, 0x0000000089f00000| Complete 
| 110|0x000000008a000000, 0x000000008a100000, 0x000000008a100000|100%| E|CS|TAMS 0x000000008a000000, 0x000000008a000000| Complete 
| 111|0x000000008a100000, 0x000000008a200000, 0x000000008a200000|100%| E|CS|TAMS 0x000000008a100000, 0x000000008a100000| Complete 
| 112|0x000000008a200000, 0x000000008a300000, 0x000000008a300000|100%| E|CS|TAMS 0x000000008a200000, 0x000000008a200000| Complete 
| 113|0x000000008a300000, 0x000000008a400000, 0x000000008a400000|100%| E|CS|TAMS 0x000000008a300000, 0x000000008a300000| Complete 
| 114|0x000000008a400000, 0x000000008a500000, 0x000000008a500000|100%| E|CS|TAMS 0x000000008a400000, 0x000000008a400000| Complete 
| 115|0x000000008a500000, 0x000000008a600000, 0x000000008a600000|100%| E|CS|TAMS 0x000000008a500000, 0x000000008a500000| Complete 
| 116|0x000000008a600000, 0x000000008a700000, 0x000000008a700000|100%| E|CS|TAMS 0x000000008a600000, 0x000000008a600000| Complete 
| 117|0x000000008a700000, 0x000000008a800000, 0x000000008a800000|100%| E|CS|TAMS 0x000000008a700000, 0x000000008a700000| Complete 
| 118|0x000000008a800000, 0x000000008a900000, 0x000000008a900000|100%| E|CS|TAMS 0x000000008a800000, 0x000000008a800000| Complete 
| 119|0x000000008a900000, 0x000000008aa00000, 0x000000008aa00000|100%| E|CS|TAMS 0x000000008a900000, 0x000000008a900000| Complete 
| 120|0x000000008aa00000, 0x000000008ab00000, 0x000000008ab00000|100%| E|CS|TAMS 0x000000008aa00000, 0x000000008aa00000| Complete 
| 121|0x000000008ab00000, 0x000000008ac00000, 0x000000008ac00000|100%| E|CS|TAMS 0x000000008ab00000, 0x000000008ab00000| Complete 
| 122|0x000000008ac00000, 0x000000008ad00000, 0x000000008ad00000|100%| E|CS|TAMS 0x000000008ac00000, 0x000000008ac00000| Complete 
| 123|0x000000008ad00000, 0x000000008ae00000, 0x000000008ae00000|100%| E|CS|TAMS 0x000000008ad00000, 0x000000008ad00000| Complete 
| 124|0x000000008ae00000, 0x000000008af00000, 0x000000008af00000|100%| E|CS|TAMS 0x000000008ae00000, 0x000000008ae00000| Complete 
| 125|0x000000008af00000, 0x000000008b000000, 0x000000008b000000|100%| E|CS|TAMS 0x000000008af00000, 0x000000008af00000| Complete 

Card table byte_map: [0x0000020097ec0000,0x00000200982b0000] _byte_map_base: 0x0000020097aa7000

Marking Bits (Prev, Next): (CMBitMap*) 0x00000200ff60d6b0, (CMBitMap*) 0x00000200ff60d6f0
 Prev Bits: [0x00000200986a0000, 0x000002009a5d8000)
 Next Bits: [0x000002009a5e0000, 0x000002009c518000)

Polling page: 0x00000200fe900000

Metaspace:

Usage:
  Non-class:     10.79 MB used.
      Class:      1.53 MB used.
       Both:     12.32 MB used.

Virtual space:
  Non-class space:       64.00 MB reserved,      10.88 MB ( 17%) committed,  1 nodes.
      Class space:        1.00 GB reserved,       1.62 MB ( <1%) committed,  1 nodes.
             Both:        1.06 GB reserved,      12.50 MB (  1%) committed. 

Chunk freelists:
   Non-Class:  3.85 MB
       Class:  14.42 MB
        Both:  18.27 MB

MaxMetaspaceSize: unlimited
CompressedClassSpaceSize: 1.00 GB
Initial GC threshold: 21.00 MB
Current GC threshold: 21.00 MB
CDS: on
MetaspaceReclaimPolicy: balanced
 - commit_granule_bytes: 65536.
 - commit_granule_words: 8192.
 - virtual_space_node_default_size: 8388608.
 - enlarge_chunks_in_place: 1.
 - new_chunks_are_fully_committed: 0.
 - uncommit_free_chunks: 1.
 - use_allocation_guard: 0.
 - handle_deallocations: 1.


Internal statistics:

num_allocs_failed_limit: 0.
num_arena_births: 68.
num_arena_deaths: 0.
num_vsnodes_births: 2.
num_vsnodes_deaths: 0.
num_space_committed: 200.
num_space_uncommitted: 0.
num_chunks_returned_to_freelist: 0.
num_chunks_taken_from_freelist: 512.
num_chunk_merges: 0.
num_chunk_splits: 347.
num_chunks_enlarged: 282.
num_inconsistent_stats: 0.

CodeHeap 'non-profiled nmethods': size=120000Kb used=866Kb max_used=866Kb free=119133Kb
 bounds [0x0000020090990000, 0x0000020090c00000, 0x0000020097ec0000]
CodeHeap 'profiled nmethods': size=120000Kb used=4759Kb max_used=4759Kb free=115240Kb
 bounds [0x0000020088ec0000, 0x0000020089370000, 0x00000200903f0000]
CodeHeap 'non-nmethods': size=5760Kb used=1175Kb max_used=1208Kb free=4584Kb
 bounds [0x00000200903f0000, 0x0000020090660000, 0x0000020090990000]
 total_blobs=2875 nmethods=2425 adapters=362
 compilation: enabled
              stopped_count=0, restarted_count=0
 full_count=0

Compilation events (20 events):
Event: 1.042 Thread 0x000002009ed76960 2420   !   3       com.google.inject.spi.InjectionPoint::checkForMisplacedBindingAnnotations (61 bytes)
Event: 1.043 Thread 0x000002009ed76960 nmethod 2420 0x0000020089362f90 code [0x00000200893631c0, 0x0000020089363938]
Event: 1.043 Thread 0x000002009ed76960 2422       3       com.google.inject.internal.ProvisionListenerCallbackStore::get (57 bytes)
Event: 1.043 Thread 0x000002009ed76960 nmethod 2422 0x0000020089363b90 code [0x0000020089363de0, 0x00000200893648f8]
Event: 1.043 Thread 0x000002009ed76960 2423       3       com.google.inject.internal.ProvisionListenerCallbackStore$KeyBinding::<init> (15 bytes)
Event: 1.043 Thread 0x000002009ed76960 nmethod 2423 0x0000020089364d10 code [0x0000020089364ec0, 0x00000200893650d8]
Event: 1.043 Thread 0x000002009ed76960 2424       3       com.google.inject.internal.ProvisionListenerCallbackStore$KeyBinding::hashCode (8 bytes)
Event: 1.043 Thread 0x000002009ed76960 nmethod 2424 0x0000020089365190 code [0x0000020089365320, 0x0000020089365458]
Event: 1.043 Thread 0x000002009ed76960 2425       3       com.google.inject.internal.ProvisionListenerCallbackStore$1::load (9 bytes)
Event: 1.043 Thread 0x000002009ed76960 nmethod 2425 0x0000020089365510 code [0x00000200893656e0, 0x00000200893659e8]
Event: 1.043 Thread 0x000002009ed76960 2421       3       java.lang.reflect.Modifier::isVolatile (13 bytes)
Event: 1.043 Thread 0x000002009ed76960 nmethod 2421 0x0000020089365b90 code [0x0000020089365d20, 0x0000020089365e58]
Event: 1.051 Thread 0x000002009ed75040 nmethod 2403 0x0000020090a63e10 code [0x0000020090a64080, 0x0000020090a64f60]
Event: 1.051 Thread 0x000002009ed75040 2416       4       com.google.common.base.Preconditions::checkNotNull (18 bytes)
Event: 1.052 Thread 0x000002009ed75040 nmethod 2416 0x0000020090a65890 code [0x0000020090a65a00, 0x0000020090a65a78]
Event: 1.052 Thread 0x000002009ed75040 2408       4       com.google.inject.internal.MoreTypes::getRawType (141 bytes)
Event: 1.052 Thread 0x000002009ed75040 nmethod 2408 0x0000020090a65b90 code [0x0000020090a65d40, 0x0000020090a65e48]
Event: 1.052 Thread 0x000002009ed75040 2410       4       com.google.inject.TypeLiteral::<init> (43 bytes)
Event: 1.056 Thread 0x000002009ed75040 nmethod 2410 0x0000020090a66010 code [0x0000020090a66200, 0x0000020090a66790]
Event: 1.056 Thread 0x000002009ed75040 2319       4       com.google.inject.internal.asm.$Symbol::<init> (38 bytes)

GC Heap History (4 events):
Event: 0.390 GC heap before
{Heap before GC invocations=0 (full 0):
 garbage-first heap   total 129024K, used 22528K [0x0000000083200000, 0x0000000100000000)
  region size 1024K, 23 young (23552K), 0 survivors (0K)
 Metaspace       used 5453K, committed 5632K, reserved 1114112K
  class space    used 656K, committed 768K, reserved 1048576K
}
Event: 0.393 GC heap after
{Heap after GC invocations=1 (full 0):
 garbage-first heap   total 129024K, used 3669K [0x0000000083200000, 0x0000000100000000)
  region size 1024K, 3 young (3072K), 3 survivors (3072K)
 Metaspace       used 5453K, committed 5632K, reserved 1114112K
  class space    used 656K, committed 768K, reserved 1048576K
}
Event: 0.724 GC heap before
{Heap before GC invocations=1 (full 0):
 garbage-first heap   total 129024K, used 35413K [0x0000000083200000, 0x0000000100000000)
  region size 1024K, 34 young (34816K), 3 survivors (3072K)
 Metaspace       used 9417K, committed 9600K, reserved 1114112K
  class space    used 1147K, committed 1216K, reserved 1048576K
}
Event: 0.728 GC heap after
{Heap after GC invocations=2 (full 0):
 garbage-first heap   total 129024K, used 5396K [0x0000000083200000, 0x0000000100000000)
  region size 1024K, 2 young (2048K), 2 survivors (2048K)
 Metaspace       used 9417K, committed 9600K, reserved 1114112K
  class space    used 1147K, committed 1216K, reserved 1048576K
}

Dll operation events (8 events):
Event: 0.007 Loaded shared library C:\Program Files\Eclipse Adoptium\jdk-17.0.18.8-hotspot\bin\java.dll
Event: 0.023 Loaded shared library C:\Program Files\Eclipse Adoptium\jdk-17.0.18.8-hotspot\bin\jsvml.dll
Event: 0.043 Loaded shared library C:\Program Files\Eclipse Adoptium\jdk-17.0.18.8-hotspot\bin\net.dll
Event: 0.045 Loaded shared library C:\Program Files\Eclipse Adoptium\jdk-17.0.18.8-hotspot\bin\nio.dll
Event: 0.047 Loaded shared library C:\Program Files\Eclipse Adoptium\jdk-17.0.18.8-hotspot\bin\zip.dll
Event: 0.128 Loaded shared library C:\Program Files\Eclipse Adoptium\jdk-17.0.18.8-hotspot\bin\jimage.dll
Event: 0.128 Loaded shared library C:\Program Files\JetBrains\IntelliJ IDEA 2025.2.2\plugins\maven\lib\maven3\lib\jansi-native\Windows\x86_64\jansi.dll
Event: 0.136 Loaded shared library C:\Program Files\Eclipse Adoptium\jdk-17.0.18.8-hotspot\bin\verify.dll

Deoptimization events (20 events):
Event: 0.973 Thread 0x00000200ff5b2850 Uncommon trap: trap_request=0xffffffc6 fr.pc=0x0000020090a352c8 relative=0x0000000000000b28
Event: 0.973 Thread 0x00000200ff5b2850 Uncommon trap: reason=bimorphic_or_optimized_type_check action=maybe_recompile pc=0x0000020090a352c8 method=java.util.HashMap.putVal(ILjava/lang/Object;Ljava/lang/Object;ZZ)Ljava/lang/Object; @ 91 c2
Event: 0.973 Thread 0x00000200ff5b2850 DEOPT PACKING pc=0x0000020090a352c8 sp=0x000000a15fdfe010
Event: 0.973 Thread 0x00000200ff5b2850 DEOPT UNPACKING pc=0x000002009044a1a3 sp=0x000000a15fdfdfb0 mode 2
Event: 0.973 Thread 0x00000200ff5b2850 Uncommon trap: trap_request=0xffffffc6 fr.pc=0x0000020090a352c8 relative=0x0000000000000b28
Event: 0.973 Thread 0x00000200ff5b2850 Uncommon trap: reason=bimorphic_or_optimized_type_check action=maybe_recompile pc=0x0000020090a352c8 method=java.util.HashMap.putVal(ILjava/lang/Object;Ljava/lang/Object;ZZ)Ljava/lang/Object; @ 91 c2
Event: 0.973 Thread 0x00000200ff5b2850 DEOPT PACKING pc=0x0000020090a352c8 sp=0x000000a15fdfe010
Event: 0.973 Thread 0x00000200ff5b2850 DEOPT UNPACKING pc=0x000002009044a1a3 sp=0x000000a15fdfdfb0 mode 2
Event: 0.973 Thread 0x00000200ff5b2850 Uncommon trap: trap_request=0xffffffc6 fr.pc=0x0000020090a352c8 relative=0x0000000000000b28
Event: 0.973 Thread 0x00000200ff5b2850 Uncommon trap: reason=bimorphic_or_optimized_type_check action=maybe_recompile pc=0x0000020090a352c8 method=java.util.HashMap.putVal(ILjava/lang/Object;Ljava/lang/Object;ZZ)Ljava/lang/Object; @ 91 c2
Event: 0.973 Thread 0x00000200ff5b2850 DEOPT PACKING pc=0x0000020090a352c8 sp=0x000000a15fdfe010
Event: 0.973 Thread 0x00000200ff5b2850 DEOPT UNPACKING pc=0x000002009044a1a3 sp=0x000000a15fdfdfb0 mode 2
Event: 0.973 Thread 0x00000200ff5b2850 Uncommon trap: trap_request=0xffffffc6 fr.pc=0x0000020090a352c8 relative=0x0000000000000b28
Event: 0.973 Thread 0x00000200ff5b2850 Uncommon trap: reason=bimorphic_or_optimized_type_check action=maybe_recompile pc=0x0000020090a352c8 method=java.util.HashMap.putVal(ILjava/lang/Object;Ljava/lang/Object;ZZ)Ljava/lang/Object; @ 91 c2
Event: 0.973 Thread 0x00000200ff5b2850 DEOPT PACKING pc=0x0000020090a352c8 sp=0x000000a15fdfe010
Event: 0.973 Thread 0x00000200ff5b2850 DEOPT UNPACKING pc=0x000002009044a1a3 sp=0x000000a15fdfdfb0 mode 2
Event: 0.999 Thread 0x00000200ff5b2850 Uncommon trap: trap_request=0xffffff45 fr.pc=0x0000020090a38238 relative=0x0000000000000198
Event: 0.999 Thread 0x00000200ff5b2850 Uncommon trap: reason=unstable_if action=reinterpret pc=0x0000020090a38238 method=java.util.WeakHashMap.expungeStaleEntries()V @ 9 c2
Event: 0.999 Thread 0x00000200ff5b2850 DEOPT PACKING pc=0x0000020090a38238 sp=0x000000a15fdfe590
Event: 0.999 Thread 0x00000200ff5b2850 DEOPT UNPACKING pc=0x000002009044a1a3 sp=0x000000a15fdfe528 mode 2

Classes loaded (20 events):
Event: 0.996 Loading class java/lang/ClassFormatError done
Event: 1.020 Loading class java/util/concurrent/ThreadPoolExecutor
Event: 1.021 Loading class java/util/concurrent/ThreadPoolExecutor done
Event: 1.021 Loading class java/util/concurrent/ThreadPoolExecutor$AbortPolicy
Event: 1.021 Loading class java/util/concurrent/RejectedExecutionHandler
Event: 1.021 Loading class java/util/concurrent/RejectedExecutionHandler done
Event: 1.021 Loading class java/util/concurrent/ThreadPoolExecutor$AbortPolicy done
Event: 1.043 Loading class java/security/spec/AlgorithmParameterSpec
Event: 1.045 Loading class java/security/spec/AlgorithmParameterSpec done
Event: 1.045 Loading class java/security/Key
Event: 1.049 Loading class java/security/Key done
Event: 1.049 Loading class java/security/SecureRandom
Event: 1.052 Loading class java/security/SecureRandom done
Event: 1.052 Loading class sun/security/jca/Providers
Event: 1.056 Loading class sun/security/jca/Providers done
Event: 1.056 Loading class sun/security/jca/ProviderList
Event: 1.056 Loading class sun/security/jca/ProviderList done
Event: 1.056 Loading class sun/security/jca/ProviderConfig
Event: 1.056 Loading class sun/security/jca/ProviderConfig done
Event: 1.056 Loading class java/security/Provider

Classes unloaded (0 events):
No events

Classes redefined (0 events):
No events

Internal exceptions (20 events):
Event: 0.143 Thread 0x00000200ff5b2850 Exception <a 'java/lang/NoSuchMethodError'{0x000000008aa69ea0}: 'void java.lang.invoke.DirectMethodHandle$Holder.invokeStatic(java.lang.Object, java.lang.Object)'> (0x000000008aa69ea0) 
thrown [s\src\hotspot\share\interpreter\linkResolver.cpp, line 759]
Event: 0.144 Thread 0x00000200ff5b2850 Exception <a 'java/lang/NoSuchMethodError'{0x000000008aa6d7b8}: 'void java.lang.invoke.DirectMethodHandle$Holder.invokeStaticInit(java.lang.Object, java.lang.Object)'> (0x000000008aa6d7b8) 
thrown [s\src\hotspot\share\interpreter\linkResolver.cpp, line 759]
Event: 0.151 Thread 0x00000200ff5b2850 Exception <a 'java/lang/NoSuchMethodError'{0x000000008aabe798}: 'void java.lang.invoke.DirectMethodHandle$Holder.invokeStatic(java.lang.Object, java.lang.Object, java.lang.Object)'> (0x000000008aabe798) 
thrown [s\src\hotspot\share\interpreter\linkResolver.cpp, line 759]
Event: 0.170 Thread 0x00000200ff5b2850 Exception <a 'java/lang/NullPointerException'{0x000000008a96d510}> (0x000000008a96d510) 
thrown [s\src\hotspot\share\interpreter\linkResolver.cpp, line 1350]
Event: 0.170 Thread 0x00000200ff5b2850 Exception <a 'java/lang/NullPointerException'{0x000000008a975ae0}> (0x000000008a975ae0) 
thrown [s\src\hotspot\share\interpreter\linkResolver.cpp, line 1350]
Event: 0.194 Thread 0x00000200ff5b2850 Exception <a 'java/lang/NoSuchMethodError'{0x000000008a868158}: 'java.lang.Object java.lang.invoke.DirectMethodHandle$Holder.invokeSpecialIFC(java.lang.Object, java.lang.Object, java.lang.Object, java.lang.Object)'> (0x000000008a868158) 
thrown [s\src\hotspot\share\interpreter\linkResolver.cpp, line 759]
Event: 0.282 Thread 0x00000200ff5b2850 Exception <a 'java/lang/NoSuchMethodError'{0x000000008a268c88}: 'void java.lang.invoke.DirectMethodHandle$Holder.invokeSpecial(java.lang.Object, java.lang.Object, java.lang.Object)'> (0x000000008a268c88) 
thrown [s\src\hotspot\share\interpreter\linkResolver.cpp, line 759]
Event: 0.301 Thread 0x00000200ff5b2850 Exception <a 'java/lang/NoSuchMethodError'{0x000000008a1d4658}: 'java.lang.Object java.lang.invoke.DirectMethodHandle$Holder.invokeInterface(java.lang.Object, java.lang.Object)'> (0x000000008a1d4658) 
thrown [s\src\hotspot\share\interpreter\linkResolver.cpp, line 759]
Event: 0.310 Thread 0x00000200ff5b2850 Exception <a 'java/lang/NoSuchMethodError'{0x000000008a082db0}: 'java.lang.Object java.lang.invoke.Invokers$Holder.invokeExact_MT(java.lang.Object, java.lang.Object, java.lang.Object, java.lang.Object, java.lang.Object, java.lang.Object)'> (0x000000008a082db0) 
thrown [s\src\hotspot\share\interpreter\linkResolver.cpp, line 759]
Event: 0.311 Thread 0x00000200ff5b2850 Exception <a 'java/lang/NoSuchMethodError'{0x000000008a094230}: 'int java.lang.invoke.DirectMethodHandle$Holder.invokeSpecialIFC(java.lang.Object, java.lang.Object, java.lang.Object, java.lang.Object, java.lang.Object)'> (0x000000008a094230) 
thrown [s\src\hotspot\share\interpreter\linkResolver.cpp, line 759]
Event: 0.340 Thread 0x00000200ff5b2850 Exception <a 'java/lang/NoSuchMethodError'{0x0000000089e43e08}: 'java.lang.Object java.lang.invoke.DirectMethodHandle$Holder.newInvokeSpecial(java.lang.Object, java.lang.Object, java.lang.Object, java.lang.Object, java.lang.Object)'> (0x0000000089e43e08) 
thrown [s\src\hotspot\share\interpreter\linkResolver.cpp, line 759]
Event: 0.356 Thread 0x00000200ff5b2850 Exception <a 'java/lang/NoSuchMethodError'{0x0000000089d51400}: 'int java.lang.invoke.DirectMethodHandle$Holder.invokeStaticInit(java.lang.Object, java.lang.Object)'> (0x0000000089d51400) 
thrown [s\src\hotspot\share\interpreter\linkResolver.cpp, line 759]
Event: 0.360 Thread 0x00000200ff5b2850 Exception <a 'java/lang/NoClassDefFoundError'{0x0000000089d8a790}: javax/enterprise/inject/Typed> (0x0000000089d8a790) 
thrown [s\src\hotspot\share\classfile\systemDictionary.cpp, line 245]
Event: 0.791 Thread 0x00000200ff5b2850 Exception <a 'java/lang/NoSuchMethodError'{0x000000008aa7b418}: 'void java.lang.invoke.DirectMethodHandle$Holder.invokeStaticInit(java.lang.Object, java.lang.Object, java.lang.Object)'> (0x000000008aa7b418) 
thrown [s\src\hotspot\share\interpreter\linkResolver.cpp, line 759]
Event: 0.793 Thread 0x00000200ff5b2850 Exception <a 'java/lang/ExceptionInInitializerError'{0x000000008aaa7758}> (0x000000008aaa7758) 
thrown [s\src\hotspot\share\oops\instanceKlass.cpp, line 1218]
Event: 0.813 Thread 0x00000200ff5b2850 Implicit null exception at 0x0000020090a259af to 0x0000020090a25b0c
Event: 0.815 Thread 0x00000200ff5b2850 Exception <a 'java/lang/NoSuchMethodError'{0x000000008a9bd228}: 'java.lang.Object java.lang.invoke.Invokers$Holder.invokeExact_MT(java.lang.Object, int, java.lang.Object)'> (0x000000008a9bd228) 
thrown [s\src\hotspot\share\interpreter\linkResolver.cpp, line 759]
Event: 0.823 Thread 0x00000200ff5b2850 Exception <a 'java/lang/NoSuchMethodError'{0x000000008a82e850}: 'int java.lang.invoke.DirectMethodHandle$Holder.invokeSpecial(java.lang.Object, java.lang.Object, java.lang.Object, java.lang.Object)'> (0x000000008a82e850) 
thrown [s\src\hotspot\share\interpreter\linkResolver.cpp, line 759]
Event: 0.995 Thread 0x00000200ff5b2850 Exception <a 'java/lang/NoClassDefFoundError'{0x000000008a08db58}: com/google/inject/servlet/ServletModuleTargetVisitor> (0x000000008a08db58) 
thrown [s\src\hotspot\share\classfile\systemDictionary.cpp, line 245]
Event: 1.037 Thread 0x00000200ff5b2850 Exception <a 'java/lang/NoSuchMethodError'{0x0000000089d172b8}: 'void java.lang.invoke.DirectMethodHandle$Holder.invokeVirtual(java.lang.Object, java.lang.Object)'> (0x0000000089d172b8) 
thrown [s\src\hotspot\share\interpreter\linkResolver.cpp, line 759]

VM Operations (20 events):
Event: 0.615 Executing VM operation: HandshakeAllThreads
Event: 0.615 Executing VM operation: HandshakeAllThreads done
Event: 0.638 Executing VM operation: HandshakeAllThreads
Event: 0.638 Executing VM operation: HandshakeAllThreads done
Event: 0.698 Executing VM operation: ICBufferFull
Event: 0.698 Executing VM operation: ICBufferFull done
Event: 0.724 Executing VM operation: G1CollectForAllocation
Event: 0.728 Executing VM operation: G1CollectForAllocation done
Event: 0.796 Executing VM operation: HandshakeAllThreads
Event: 0.796 Executing VM operation: HandshakeAllThreads done
Event: 0.844 Executing VM operation: HandshakeAllThreads
Event: 0.844 Executing VM operation: HandshakeAllThreads done
Event: 0.846 Executing VM operation: HandshakeAllThreads
Event: 0.846 Executing VM operation: HandshakeAllThreads done
Event: 0.889 Executing VM operation: HandshakeAllThreads
Event: 0.889 Executing VM operation: HandshakeAllThreads done
Event: 0.902 Executing VM operation: ICBufferFull
Event: 0.903 Executing VM operation: ICBufferFull done
Event: 0.981 Executing VM operation: HandshakeAllThreads
Event: 0.981 Executing VM operation: HandshakeAllThreads done

Memory protections (0 events):
No events

Nmethod flushes (0 events):
No events

Events (14 events):
Event: 0.023 Thread 0x00000200ff5b2850 Thread added: 0x00000200ff5b2850
Event: 0.025 Thread 0x00000200ff5b2850 Thread added: 0x000002009ed544a0
Event: 0.025 Thread 0x00000200ff5b2850 Thread added: 0x000002009ed56f80
Event: 0.030 Thread 0x00000200ff5b2850 Thread added: 0x000002009ed6c7f0
Event: 0.030 Thread 0x00000200ff5b2850 Thread added: 0x000002009ed6f1d0
Event: 0.030 Thread 0x00000200ff5b2850 Thread added: 0x000002009ed6faa0
Event: 0.030 Thread 0x00000200ff5b2850 Thread added: 0x000002009ed72380
Event: 0.030 Thread 0x00000200ff5b2850 Thread added: 0x000002009ed75040
Event: 0.030 Thread 0x00000200ff5b2850 Thread added: 0x000002009ed76960
Event: 0.030 Thread 0x00000200ff5b2850 Thread added: 0x000002009ed7ffc0
Event: 0.039 Thread 0x00000200ff5b2850 Thread added: 0x00000200e414ee10
Event: 0.041 Thread 0x00000200ff5b2850 Thread added: 0x00000200e414ff50
Event: 0.126 Thread 0x00000200ff5b2850 Thread added: 0x00000200e43e63e0
Event: 0.131 Thread 0x00000200e43e63e0 Thread exited: 0x00000200e43e63e0


Dynamic libraries:
0x00007ff6df9d0000 - 0x00007ff6df9de000 	C:\Program Files\Eclipse Adoptium\jdk-17.0.18.8-hotspot\bin\java.exe
0x00007fffda470000 - 0x00007fffda668000 	C:\WINDOWS\SYSTEM32\ntdll.dll
0x00007fffd8660000 - 0x00007fffd8722000 	C:\WINDOWS\System32\KERNEL32.DLL
0x00007fffd7e50000 - 0x00007fffd8146000 	C:\WINDOWS\System32\KERNELBASE.dll
0x00007fffd81d0000 - 0x00007fffd82d0000 	C:\WINDOWS\System32\ucrtbase.dll
0x00007fffc5180000 - 0x00007fffc519e000 	C:\Program Files\Eclipse Adoptium\jdk-17.0.18.8-hotspot\bin\VCRUNTIME140.dll
0x00007fffc3680000 - 0x00007fffc3698000 	C:\Program Files\Eclipse Adoptium\jdk-17.0.18.8-hotspot\bin\jli.dll
0x00007fffd8490000 - 0x00007fffd8631000 	C:\WINDOWS\System32\USER32.dll
0x00007fffd7b00000 - 0x00007fffd7b22000 	C:\WINDOWS\System32\win32u.dll
0x00007fffc3890000 - 0x00007fffc3b2b000 	C:\WINDOWS\WinSxS\amd64_microsoft.windows.common-controls_6595b64144ccf1df_6.0.19041.6456_none_60b8a6cb71f64256\COMCTL32.dll
0x00007fffd9fe0000 - 0x00007fffda00b000 	C:\WINDOWS\System32\GDI32.dll
0x00007fffd95c0000 - 0x00007fffd965e000 	C:\WINDOWS\System32\msvcrt.dll
0x00007fffd7b30000 - 0x00007fffd7c49000 	C:\WINDOWS\System32\gdi32full.dll
0x00007fffd7db0000 - 0x00007fffd7e4d000 	C:\WINDOWS\System32\msvcp_win.dll
0x00007fffd96f0000 - 0x00007fffd971f000 	C:\WINDOWS\System32\IMM32.DLL
0x00007fffcc260000 - 0x00007fffcc26c000 	C:\Program Files\Eclipse Adoptium\jdk-17.0.18.8-hotspot\bin\vcruntime140_1.dll
0x00007fffc35b0000 - 0x00007fffc363d000 	C:\Program Files\Eclipse Adoptium\jdk-17.0.18.8-hotspot\bin\msvcp140.dll
0x00007fff600c0000 - 0x00007fff60d2b000 	C:\Program Files\Eclipse Adoptium\jdk-17.0.18.8-hotspot\bin\server\jvm.dll
0x00007fffd9840000 - 0x00007fffd98f1000 	C:\WINDOWS\System32\ADVAPI32.dll
0x00007fffd8f80000 - 0x00007fffd901f000 	C:\WINDOWS\System32\sechost.dll
0x00007fffda310000 - 0x00007fffda430000 	C:\WINDOWS\System32\RPCRT4.dll
0x00007fffd8320000 - 0x00007fffd8347000 	C:\WINDOWS\System32\bcrypt.dll
0x00007fffd9720000 - 0x00007fffd978b000 	C:\WINDOWS\System32\WS2_32.dll
0x00007fffd7090000 - 0x00007fffd70db000 	C:\WINDOWS\SYSTEM32\POWRPROF.dll
0x00007fffcf3b0000 - 0x00007fffcf3ba000 	C:\WINDOWS\SYSTEM32\VERSION.dll
0x00007fffcc230000 - 0x00007fffcc257000 	C:\WINDOWS\SYSTEM32\WINMM.dll
0x00007fffd6f00000 - 0x00007fffd6f12000 	C:\WINDOWS\SYSTEM32\UMPDC.dll
0x00007fffd6310000 - 0x00007fffd6322000 	C:\WINDOWS\SYSTEM32\kernel.appcore.dll
0x00007fffc5230000 - 0x00007fffc523a000 	C:\Program Files\Eclipse Adoptium\jdk-17.0.18.8-hotspot\bin\jimage.dll
0x00007fffd5ff0000 - 0x00007fffd61f1000 	C:\WINDOWS\SYSTEM32\DBGHELP.DLL
0x00007fffc5130000 - 0x00007fffc5164000 	C:\WINDOWS\SYSTEM32\dbgcore.DLL
0x00007fffd8350000 - 0x00007fffd83d2000 	C:\WINDOWS\System32\bcryptPrimitives.dll
0x00007fffc3580000 - 0x00007fffc35a5000 	C:\Program Files\Eclipse Adoptium\jdk-17.0.18.8-hotspot\bin\java.dll
0x00007fffa8b40000 - 0x00007fffa8c17000 	C:\Program Files\Eclipse Adoptium\jdk-17.0.18.8-hotspot\bin\jsvml.dll
0x00007fffd8790000 - 0x00007fffd8f00000 	C:\WINDOWS\System32\SHELL32.dll
0x00007fffd5840000 - 0x00007fffd5fe5000 	C:\WINDOWS\SYSTEM32\windows.storage.dll
0x00007fffd91b0000 - 0x00007fffd9504000 	C:\WINDOWS\System32\combase.dll
0x00007fffd7530000 - 0x00007fffd755b000 	C:\WINDOWS\SYSTEM32\Wldp.dll
0x00007fffda080000 - 0x00007fffda14d000 	C:\WINDOWS\System32\OLEAUT32.dll
0x00007fffd9790000 - 0x00007fffd983d000 	C:\WINDOWS\System32\SHCORE.dll
0x00007fffd9900000 - 0x00007fffd995b000 	C:\WINDOWS\System32\shlwapi.dll
0x00007fffd7a30000 - 0x00007fffd7a54000 	C:\WINDOWS\SYSTEM32\profapi.dll
0x00007fffc3660000 - 0x00007fffc367a000 	C:\Program Files\Eclipse Adoptium\jdk-17.0.18.8-hotspot\bin\net.dll
0x00007fffd42e0000 - 0x00007fffd43ea000 	C:\WINDOWS\SYSTEM32\WINHTTP.dll
0x00007fffd7290000 - 0x00007fffd72fa000 	C:\WINDOWS\system32\mswsock.dll
0x00007fffc3560000 - 0x00007fffc3576000 	C:\Program Files\Eclipse Adoptium\jdk-17.0.18.8-hotspot\bin\nio.dll
0x00007fffc3540000 - 0x00007fffc3558000 	C:\Program Files\Eclipse Adoptium\jdk-17.0.18.8-hotspot\bin\zip.dll
0x00007fffc3510000 - 0x00007fffc3534000 	C:\Program Files\JetBrains\IntelliJ IDEA 2025.2.2\plugins\maven\lib\maven3\lib\jansi-native\Windows\x86_64\jansi.dll
0x00007fffc5170000 - 0x00007fffc5180000 	C:\Program Files\Eclipse Adoptium\jdk-17.0.18.8-hotspot\bin\verify.dll

dbghelp: loaded successfully - version: 4.0.5 - missing functions: none
symbol engine: initialized successfully - sym options: 0x614 - pdb path: .;C:\Program Files\Eclipse Adoptium\jdk-17.0.18.8-hotspot\bin;C:\WINDOWS\SYSTEM32;C:\WINDOWS\WinSxS\amd64_microsoft.windows.common-controls_6595b64144ccf1df_6.0.19041.6456_none_60b8a6cb71f64256;C:\Program Files\Eclipse Adoptium\jdk-17.0.18.8-hotspot\bin\server;C:\Program Files\JetBrains\IntelliJ IDEA 2025.2.2\plugins\maven\lib\maven3\lib\jansi-native\Windows\x86_64

VM Arguments:
jvm_args: -Dclassworlds.conf=C:\Program Files\JetBrains\IntelliJ IDEA 2025.2.2\plugins\maven\lib\maven3\bin\m2.conf -Dmaven.home=C:\Program Files\JetBrains\IntelliJ IDEA 2025.2.2\plugins\maven\lib\maven3 -Dlibrary.jansi.path=C:\Program Files\JetBrains\IntelliJ IDEA 2025.2.2\plugins\maven\lib\maven3\lib\jansi-native -Dmaven.multiModuleProjectDirectory=C:\Users\STAR\Desktop\Esprit-PIDEV-3A26-2526-Rehla 
java_command: org.codehaus.plexus.classworlds.launcher.Launcher -Didea.version=2025.2.2 -Dmaven.ext.class.path=C:\Program Files\JetBrains\IntelliJ IDEA 2025.2.2\plugins\maven\lib\maven-event-listener.jar -Djansi.passthrough=true -Dstyle.color=always -Dmaven.repo.local=C:\Users\STAR\.m2\repository org.apache.maven.plugins:maven-clean-plugin:3.2.0:help -f pom.xml
java_class_path (initial): C:\Program Files\JetBrains\IntelliJ IDEA 2025.2.2\plugins\maven\lib\maven3\boot\plexus-classworlds-2.8.0.jar
Launcher Type: SUN_STANDARD

[Global flags]
     intx CICompilerCount                          = 4                                         {product} {ergonomic}
     uint ConcGCThreads                            = 2                                         {product} {ergonomic}
     uint G1ConcRefinementThreads                  = 8                                         {product} {ergonomic}
   size_t G1HeapRegionSize                         = 1048576                                   {product} {ergonomic}
    uintx GCDrainStackTargetSize                   = 64                                        {product} {ergonomic}
   size_t InitialHeapSize                          = 132120576                                 {product} {ergonomic}
   size_t MarkStackSize                            = 4194304                                   {product} {ergonomic}
   size_t MaxHeapSize                              = 2095054848                                {product} {ergonomic}
   size_t MaxNewSize                               = 1256194048                                {product} {ergonomic}
   size_t MinHeapDeltaBytes                        = 1048576                                   {product} {ergonomic}
   size_t MinHeapSize                              = 8388608                                   {product} {ergonomic}
    uintx NonNMethodCodeHeapSize                   = 5839372                                {pd product} {ergonomic}
    uintx NonProfiledCodeHeapSize                  = 122909434                              {pd product} {ergonomic}
    uintx ProfiledCodeHeapSize                     = 122909434                              {pd product} {ergonomic}
    uintx ReservedCodeCacheSize                    = 251658240                              {pd product} {ergonomic}
     bool SegmentedCodeCache                       = true                                      {product} {ergonomic}
   size_t SoftMaxHeapSize                          = 2095054848                             {manageable} {ergonomic}
     bool UseCompressedClassPointers               = true                           {product lp64_product} {ergonomic}
     bool UseCompressedOops                        = true                           {product lp64_product} {ergonomic}
     bool UseG1GC                                  = true                                      {product} {ergonomic}
     bool UseLargePagesIndividualAllocation        = false                                  {pd product} {ergonomic}

Logging:
Log output configuration:
 #0: stdout all=warning uptime,level,tags
 #1: stderr all=off uptime,level,tags

Environment Variables:
JAVA_HOME=C:\Program Files\Eclipse Adoptium\jdk-17.0.18.8-hotspot
PATH=C:\Program Files\Eclipse Adoptium\jdk-17.0.18.8-hotspot\bin;C:\Program Files\Eclipse Adoptium\jdk-21.0.8.9-hotspot\bin;c:\Users\STAR\AppData\Local\Programs\cursor\resources\app\bin;C:\Program Files\Google\Chrome\Application;C:\oraclexe\app\oracle\product\11.2.0\server\bin;;C:\WINDOWS\system32;C:\WINDOWS;C:\WINDOWS\System32\Wbem;C:\WINDOWS\System32\WindowsPowerShell\v1.0\;C:\WINDOWS\System32\OpenSSH\;C:\Program Files\Git\cmd;C:\Program Files\dotnet\;C:\Program Files (x86)\NVIDIA Corporation\PhysX\Common;C:\Program Files\NVIDIA Corporation\NVIDIA NvDLISR;C:\Program Files\Calibre2\;C:\Users\STAR\AppData\Local\Programs\Python\Python313\;C:\Users\STAR\AppData\Local\Programs\Python\Launcher\;C:\Users\STAR\AppData\Local\Programs\Python\Python313\Scripts\;C:\Users\STAR\AppData\Local\Microsoft\WindowsApps;C:\Users\STAR\AppData\Local\GitHubDesktop\bin;C:\Users\STAR\AppData\Local\Programs\Windsurf\bin;c:\Users\STAR\AppData\Local\Programs\cursor\resources\app\bin;C:\Program Files\MySQL\MySQL Shell 8.0\bin\;C:\composer;C:\xampp\php;C:\Users\STAR\AppData\Local\Microsoft\WindowsApps;C:\Users\STAR\AppData\Local\Programs\Microsoft VS Code\bin;C:\Users\STAR\AppData\Local\GitHubDesktop\bin;C:\Program Files\JetBrains\IntelliJ IDEA 2025.2.2\bin;C:\Users\STAR\AppData\Local\Programs\Windsurf\bin
USERNAME=STAR
OS=Windows_NT
PROCESSOR_IDENTIFIER=Intel64 Family 6 Model 140 Stepping 1, GenuineIntel
TMP=C:\Users\STAR\AppData\Local\Temp
TEMP=C:\Users\STAR\AppData\Local\Temp



Periodic native trim disabled


---------------  S Y S T E M  ---------------

OS:
 Windows 10 , 64 bit Build 19041 (10.0.19041.5915)
OS uptime: 0 days 10:16 hours

CPU: total 8 (initial active 8) (4 cores per cpu, 2 threads per core) family 6 model 140 stepping 1 microcode 0x9a, cx8, cmov, fxsr, ht, mmx, 3dnowpref, sse, sse2, sse3, ssse3, sse4.1, sse4.2, popcnt, lzcnt, tsc, tscinvbit, avx, avx2, aes, erms, clmul, bmi1, bmi2, adx, avx512f, avx512dq, avx512cd, avx512bw, avx512vl, sha, fma, vzeroupper, avx512_vpopcntdq, avx512_vpclmulqdq, avx512_vaes, avx512_vnni, clflush, clflushopt, clwb, avx512_vbmi2, avx512_vbmi
Processor Information for all 8 processors :
  Max Mhz: 2419, Current Mhz: 2419, Mhz Limit: 2419

Memory: 4k page, system-wide physical 7991M (315M free)
TotalPageFile size 32567M (AvailPageFile size 0M)
current process WorkingSet (physical memory assigned to process): 111M, peak: 111M
current process commit charge ("private bytes"): 244M, peak: 244M

vm_info: OpenJDK 64-Bit Server VM (17.0.18+8) for windows-amd64 JRE (17.0.18+8), built on Jan 20 2026 22:28:22 by "admin" with MS VC++ 17.12 (VS2022)

END.
