#
# There is insufficient memory for the Java Runtime Environment to continue.
# Native memory allocation (malloc) failed to allocate 1663696 bytes. Error detail: Chunk::new
# Possible reasons:
#   The system is out of physical RAM or swap space
#   This process is running with CompressedOops enabled, and the Java Heap may be blocking the growth of the native heap
# Possible solutions:
#   Reduce memory load on the system
#   Increase physical memory or swap space
#   Check if swap backing store is full
#   Decrease Java heap size (-Xmx/-Xms)
#   Decrease number of Java threads
#   Decrease Java thread stack sizes (-Xss)
#   Set larger code cache with -XX:ReservedCodeCacheSize=
#   JVM is running with Unscaled Compressed Oops mode in which the Java heap is
#     placed in the first 4GB address space. The Java Heap base address is the
#     maximum limit for the native heap growth. Please use -XX:HeapBaseMinAddress
#     to set the Java Heap base and to place the Java Heap above 4GB virtual address.
# This output file may be truncated or incomplete.
#
#  Out of Memory Error (arena.cpp:191), pid=18076, tid=1248
#
# JRE version: OpenJDK Runtime Environment Temurin-17.0.18+8 (17.0.18+8) (build 17.0.18+8)
# Java VM: OpenJDK 64-Bit Server VM Temurin-17.0.18+8 (17.0.18+8, mixed mode, sharing, tiered, compressed oops, compressed class ptrs, g1 gc, windows-amd64)
# No core dump will be written. Minidumps are not enabled by default on client versions of Windows
#

---------------  S U M M A R Y ------------

Command Line: --module-path=C:\Users\STAR\.m2\repository\org\openjfx\javafx-base\21.0.2\javafx-base-21.0.2-win.jar;C:\Users\STAR\.m2\repository\org\openjfx\javafx-base\21.0.2\javafx-base-21.0.2.jar;C:\Users\STAR\.m2\repository\org\openjfx\javafx-controls\21.0.2\javafx-controls-21.0.2-win.jar;C:\Users\STAR\.m2\repository\org\openjfx\javafx-controls\21.0.2\javafx-controls-21.0.2.jar;C:\Users\STAR\.m2\repository\org\openjfx\javafx-fxml\21.0.2\javafx-fxml-21.0.2-win.jar;C:\Users\STAR\.m2\repository\org\openjfx\javafx-fxml\21.0.2\javafx-fxml-21.0.2.jar;C:\Users\STAR\.m2\repository\org\openjfx\javafx-graphics\21.0.2\javafx-graphics-21.0.2-win.jar;C:\Users\STAR\.m2\repository\org\openjfx\javafx-graphics\21.0.2\javafx-graphics-21.0.2.jar;C:\Users\STAR\.m2\repository\org\openjfx\javafx-swing\21.0.2\javafx-swing-21.0.2-win.jar;C:\Users\STAR\.m2\repository\org\openjfx\javafx-swing\21.0.2\javafx-swing-21.0.2.jar --add-modules=javafx.base,javafx.controls,javafx.fxml,javafx.graphics,javafx.swing rehla.MainFx

Host: 11th Gen Intel(R) Core(TM) i5-1135G7 @ 2.40GHz, 8 cores, 7G,  Windows 10 , 64 bit Build 19041 (10.0.19041.5915)
Time: Tue May 12 20:08:26 2026 Europe de l , 64 bit Build 19041 (10.0.19041.5915) elapsed time: 75.544552 seconds (0d 0h 1m 15s)

---------------  T H R E A D  ---------------

Current thread (0x0000020dad5481f0):  JavaThread "C2 CompilerThread0" daemon [_thread_in_native, id=1248, stack(0x0000003f8fd00000,0x0000003f8fe00000)]


Current CompileTask:
C2:75545 8346       4       javafx.scene.Node::setScenes (75 bytes)

Stack: [0x0000003f8fd00000,0x0000003f8fe00000]
Native frames: (J=compiled Java code, j=interpreted, Vv=VM code, C=native code)
V  [jvm.dll+0x6846f9]
V  [jvm.dll+0x839ea5]
V  [jvm.dll+0x83b91e]
V  [jvm.dll+0x83bfa3]
V  [jvm.dll+0x248eff]
V  [jvm.dll+0xad496]
V  [jvm.dll+0xadb3c]
V  [jvm.dll+0x368bcf]
V  [jvm.dll+0x333055]
V  [jvm.dll+0x3324ba]
V  [jvm.dll+0x219db9]
V  [jvm.dll+0x219200]
V  [jvm.dll+0x1a4920]
V  [jvm.dll+0x22989a]
V  [jvm.dll+0x227a4b]
V  [jvm.dll+0x7f0658]
V  [jvm.dll+0x7eaaec]
V  [jvm.dll+0x6835c7]
C  [ucrtbase.dll+0x21bb2]
C  [KERNEL32.DLL+0x17374]
C  [ntdll.dll+0x4cc91]


---------------  P R O C E S S  ---------------

Threads class SMR info:
_java_thread_list=0x0000020df9e12680, length=22, elements={
0x0000020d8f238af0, 0x0000020dad529d30, 0x0000020dad52b090, 0x0000020dad5411a0,
0x0000020dad543d70, 0x0000020dad546b40, 0x0000020dad547500, 0x0000020dad5481f0,
0x0000020dad54ac00, 0x0000020dad54b600, 0x0000020dad510ab0, 0x0000020dad9a8220,
0x0000020df32b7890, 0x0000020df33a9170, 0x0000020df3388db0, 0x0000020df35a4630,
0x0000020df35a4b10, 0x0000020df897bb90, 0x0000020df897a750, 0x0000020df897a240,
0x0000020df8978e00, 0x0000020df90a1010
}

Java Threads: ( => current thread )
  0x0000020d8f238af0 JavaThread "main" [_thread_blocked, id=14984, stack(0x0000003f8f000000,0x0000003f8f100000)]
  0x0000020dad529d30 JavaThread "Reference Handler" daemon [_thread_blocked, id=22212, stack(0x0000003f8f700000,0x0000003f8f800000)]
  0x0000020dad52b090 JavaThread "Finalizer" daemon [_thread_blocked, id=18148, stack(0x0000003f8f800000,0x0000003f8f900000)]
  0x0000020dad5411a0 JavaThread "Signal Dispatcher" daemon [_thread_blocked, id=15252, stack(0x0000003f8f900000,0x0000003f8fa00000)]
  0x0000020dad543d70 JavaThread "Attach Listener" daemon [_thread_blocked, id=19288, stack(0x0000003f8fa00000,0x0000003f8fb00000)]
  0x0000020dad546b40 JavaThread "Service Thread" daemon [_thread_blocked, id=11772, stack(0x0000003f8fb00000,0x0000003f8fc00000)]
  0x0000020dad547500 JavaThread "Monitor Deflation Thread" daemon [_thread_blocked, id=22164, stack(0x0000003f8fc00000,0x0000003f8fd00000)]
=>0x0000020dad5481f0 JavaThread "C2 CompilerThread0" daemon [_thread_in_native, id=1248, stack(0x0000003f8fd00000,0x0000003f8fe00000)]
  0x0000020dad54ac00 JavaThread "C1 CompilerThread0" daemon [_thread_blocked, id=2592, stack(0x0000003f8fe00000,0x0000003f8ff00000)]
  0x0000020dad54b600 JavaThread "Sweeper thread" daemon [_thread_blocked, id=5356, stack(0x0000003f8ff00000,0x0000003f90000000)]
  0x0000020dad510ab0 JavaThread "Common-Cleaner" daemon [_thread_blocked, id=21608, stack(0x0000003f90000000,0x0000003f90100000)]
  0x0000020dad9a8220 JavaThread "Notification Thread" daemon [_thread_blocked, id=17924, stack(0x0000003f90200000,0x0000003f90300000)]
  0x0000020df32b7890 JavaThread "QuantumRenderer-0" daemon [_thread_blocked, id=21972, stack(0x0000003f90100000,0x0000003f90200000)]
  0x0000020df33a9170 JavaThread "InvokeLaterDispatcher" daemon [_thread_blocked, id=21304, stack(0x0000003f90400000,0x0000003f90500000)]
  0x0000020df3388db0 JavaThread "JavaFX Application Thread" [_thread_in_native, id=4340, stack(0x0000003f90500000,0x0000003f90600000)]
  0x0000020df35a4630 JavaThread "JavaFX-Launcher" [_thread_blocked, id=19308, stack(0x0000003f90a00000,0x0000003f90b00000)]
  0x0000020df35a4b10 JavaThread "Thread-2" daemon [_thread_in_native, id=19532, stack(0x0000003f90900000,0x0000003f90a00000)]
  0x0000020df897bb90 JavaThread "mysql-cj-abandoned-connection-cleanup" daemon [_thread_blocked, id=13180, stack(0x0000003f91000000,0x0000003f91100000)]
  0x0000020df897a750 JavaThread "pool-2-thread-1" [_thread_blocked, id=19916, stack(0x0000003f91200000,0x0000003f91300000)]
  0x0000020df897a240 JavaThread "Prism Font Disposer" daemon [_thread_blocked, id=10332, stack(0x0000003f91a00000,0x0000003f91b00000)]
  0x0000020df8978e00 JavaThread "Cleaner-0" daemon [_thread_blocked, id=12252, stack(0x0000003f91900000,0x0000003f91a00000)]
  0x0000020df90a1010 JavaThread "C2 CompilerThread1" daemon [_thread_in_native, id=22004, stack(0x0000003f8ed00000,0x0000003f8ee00000)]

Other Threads:
  0x0000020dad5253a0 VMThread "VM Thread" [stack: 0x0000003f8f600000,0x0000003f8f700000] [id=10280]
  0x0000020dad85f0e0 WatcherThread [stack: 0x0000003f90300000,0x0000003f90400000] [id=19700]
  0x0000020d8f292410 GCTaskThread "GC Thread#0" [stack: 0x0000003f8f100000,0x0000003f8f200000] [id=20748]
  0x0000020df37fe780 GCTaskThread "GC Thread#1" [stack: 0x0000003f90b00000,0x0000003f90c00000] [id=22496]
  0x0000020df37fea40 GCTaskThread "GC Thread#2" [stack: 0x0000003f90c00000,0x0000003f90d00000] [id=18184]
  0x0000020df37fed00 GCTaskThread "GC Thread#3" [stack: 0x0000003f90d00000,0x0000003f90e00000] [id=18128]
  0x0000020df36305c0 GCTaskThread "GC Thread#4" [stack: 0x0000003f90e00000,0x0000003f90f00000] [id=9080]
  0x0000020df3630880 GCTaskThread "GC Thread#5" [stack: 0x0000003f90f00000,0x0000003f91000000] [id=12968]
  0x0000020df8f18040 GCTaskThread "GC Thread#6" [stack: 0x0000003f91100000,0x0000003f91200000] [id=12836]
  0x0000020df8f2d020 GCTaskThread "GC Thread#7" [stack: 0x0000003f91300000,0x0000003f91400000] [id=10404]
  0x0000020d8f2a2d20 ConcurrentGCThread "G1 Main Marker" [stack: 0x0000003f8f200000,0x0000003f8f300000] [id=19136]
  0x0000020d8f2a3740 ConcurrentGCThread "G1 Conc#0" [stack: 0x0000003f8f300000,0x0000003f8f400000] [id=21908]
  0x0000020df9133ac0 ConcurrentGCThread "G1 Conc#1" [stack: 0x0000003f91500000,0x0000003f91600000] [id=20560]
  0x0000020dad3e20d0 ConcurrentGCThread "G1 Refine#0" [stack: 0x0000003f8f400000,0x0000003f8f500000] [id=12844]
  0x0000020dad3e2b00 ConcurrentGCThread "G1 Service" [stack: 0x0000003f8f500000,0x0000003f8f600000] [id=22060]

Threads with active compile tasks:
C2 CompilerThread0  75573 8346       4       javafx.scene.Node::setScenes (75 bytes)
C2 CompilerThread1  75573 8364       4       javafx.scene.control.skin.LabeledSkinBase::computeMaxHeight (12 bytes)

VM state: not at safepoint (normal execution)

VM Mutex/Monitor currently owned by a thread: None

Heap address: 0x0000000083200000, size: 1998 MB, Compressed Oops mode: 32-bit

CDS archive(s) mapped at: [0x0000020dae000000-0x0000020daebb0000-0x0000020daebb0000), size 12255232, SharedBaseAddress: 0x0000020dae000000, ArchiveRelocationMode: 1.
Compressed class space mapped at: 0x0000020daf000000-0x0000020def000000, reserved size: 1073741824
Narrow klass base: 0x0000020dae000000, Narrow klass shift: 0, Narrow klass range: 0x100000000

GC Precious Log:
 CPUs: 8 total, 8 available
 Memory: 7991M
 Large Page Support: Disabled
 NUMA Support: Disabled
 Compressed Oops: Enabled (32-bit)
 Heap Region Size: 1M
 Heap Min Capacity: 8M
 Heap Initial Capacity: 126M
 Heap Max Capacity: 1998M
 Pre-touch: Disabled
 Parallel Workers: 8
 Concurrent Workers: 2
 Concurrent Refinement Workers: 8
 Periodic GC: Disabled

Heap:
 garbage-first heap   total 377856K, used 182618K [0x0000000083200000, 0x0000000100000000)
  region size 1024K, 18 young (18432K), 9 survivors (9216K)
 Metaspace       used 31198K, committed 31488K, reserved 1114112K
  class space    used 3924K, committed 4096K, reserved 1048576K

Heap Regions: E=young(eden), S=young(survivor), O=old, HS=humongous(starts), HC=humongous(continues), CS=collection set, F=free, OA=open archive, CA=closed archive, TAMS=top-at-mark-start (previous, next)
|   0|0x0000000083200000, 0x0000000083300000, 0x0000000083300000|100%|HS|  |TAMS 0x0000000083300000, 0x0000000083200000| Complete 
|   1|0x0000000083300000, 0x0000000083400000, 0x0000000083400000|100%| O|  |TAMS 0x0000000083400000, 0x0000000083300000| Untracked 
|   2|0x0000000083400000, 0x0000000083500000, 0x0000000083500000|100%| O|  |TAMS 0x0000000083500000, 0x0000000083400000| Untracked 
|   3|0x0000000083500000, 0x0000000083600000, 0x0000000083600000|100%| O|  |TAMS 0x0000000083600000, 0x0000000083500000| Untracked 
|   4|0x0000000083600000, 0x0000000083700000, 0x0000000083700000|100%| O|  |TAMS 0x0000000083700000, 0x0000000083600000| Untracked 
|   5|0x0000000083700000, 0x0000000083800000, 0x0000000083800000|100%| O|  |TAMS 0x0000000083800000, 0x0000000083700000| Untracked 
|   6|0x0000000083800000, 0x0000000083900000, 0x0000000083900000|100%| O|  |TAMS 0x0000000083900000, 0x0000000083800000| Untracked 
|   7|0x0000000083900000, 0x0000000083a00000, 0x0000000083a00000|100%| O|  |TAMS 0x0000000083a00000, 0x0000000083900000| Untracked 
|   8|0x0000000083a00000, 0x0000000083b00000, 0x0000000083b00000|100%| O|  |TAMS 0x0000000083b00000, 0x0000000083a00000| Untracked 
|   9|0x0000000083b00000, 0x0000000083c00000, 0x0000000083c00000|100%| O|  |TAMS 0x0000000083c00000, 0x0000000083b00000| Untracked 
|  10|0x0000000083c00000, 0x0000000083d00000, 0x0000000083d00000|100%| O|  |TAMS 0x0000000083d00000, 0x0000000083c00000| Untracked 
|  11|0x0000000083d00000, 0x0000000083e00000, 0x0000000083e00000|100%| O|  |TAMS 0x0000000083e00000, 0x0000000083d00000| Untracked 
|  12|0x0000000083e00000, 0x0000000083f00000, 0x0000000083f00000|100%| O|  |TAMS 0x0000000083f00000, 0x0000000083e00000| Untracked 
|  13|0x0000000083f00000, 0x0000000083ff6800, 0x0000000084000000| 96%| O|  |TAMS 0x0000000083ff6800, 0x0000000083f00000| Untracked 
|  14|0x0000000084000000, 0x0000000084100000, 0x0000000084100000|100%|HS|  |TAMS 0x0000000084100000, 0x0000000084000000| Complete 
|  15|0x0000000084100000, 0x0000000084200000, 0x0000000084200000|100%|HC|  |TAMS 0x0000000084200000, 0x0000000084100000| Complete 
|  16|0x0000000084200000, 0x0000000084300000, 0x0000000084300000|100%|HS|  |TAMS 0x0000000084200000, 0x0000000084200000| Complete 
|  17|0x0000000084300000, 0x0000000084400000, 0x0000000084400000|100%|HC|  |TAMS 0x0000000084300000, 0x0000000084300000| Complete 
|  18|0x0000000084400000, 0x0000000084500000, 0x0000000084500000|100%|HS|  |TAMS 0x0000000084400000, 0x0000000084400000| Complete 
|  19|0x0000000084500000, 0x0000000084600000, 0x0000000084600000|100%|HC|  |TAMS 0x0000000084500000, 0x0000000084500000| Complete 
|  20|0x0000000084600000, 0x0000000084700000, 0x0000000084700000|100%|HS|  |TAMS 0x0000000084600000, 0x0000000084600000| Complete 
|  21|0x0000000084700000, 0x0000000084800000, 0x0000000084800000|100%|HC|  |TAMS 0x0000000084700000, 0x0000000084700000| Complete 
|  22|0x0000000084800000, 0x0000000084900000, 0x0000000084900000|100%|HC|  |TAMS 0x0000000084800000, 0x0000000084800000| Complete 
|  23|0x0000000084900000, 0x0000000084a00000, 0x0000000084a00000|100%|HS|  |TAMS 0x0000000084900000, 0x0000000084900000| Complete 
|  24|0x0000000084a00000, 0x0000000084b00000, 0x0000000084b00000|100%|HC|  |TAMS 0x0000000084a00000, 0x0000000084a00000| Complete 
|  25|0x0000000084b00000, 0x0000000084c00000, 0x0000000084c00000|100%|HC|  |TAMS 0x0000000084b00000, 0x0000000084b00000| Complete 
|  26|0x0000000084c00000, 0x0000000084d00000, 0x0000000084d00000|100%|HS|  |TAMS 0x0000000084c00000, 0x0000000084c00000| Complete 
|  27|0x0000000084d00000, 0x0000000084e00000, 0x0000000084e00000|100%|HC|  |TAMS 0x0000000084d00000, 0x0000000084d00000| Complete 
|  28|0x0000000084e00000, 0x0000000084f00000, 0x0000000084f00000|100%|HC|  |TAMS 0x0000000084e00000, 0x0000000084e00000| Complete 
|  29|0x0000000084f00000, 0x0000000085000000, 0x0000000085000000|100%|HS|  |TAMS 0x0000000084f00000, 0x0000000084f00000| Complete 
|  30|0x0000000085000000, 0x0000000085100000, 0x0000000085100000|100%|HC|  |TAMS 0x0000000085000000, 0x0000000085000000| Complete 
|  31|0x0000000085100000, 0x0000000085200000, 0x0000000085200000|100%|HS|  |TAMS 0x0000000085100000, 0x0000000085100000| Complete 
|  32|0x0000000085200000, 0x0000000085300000, 0x0000000085300000|100%|HC|  |TAMS 0x0000000085200000, 0x0000000085200000| Complete 
|  33|0x0000000085300000, 0x0000000085400000, 0x0000000085400000|100%|HS|  |TAMS 0x0000000085300000, 0x0000000085300000| Complete 
|  34|0x0000000085400000, 0x0000000085500000, 0x0000000085500000|100%|HC|  |TAMS 0x0000000085400000, 0x0000000085400000| Complete 
|  35|0x0000000085500000, 0x0000000085600000, 0x0000000085600000|100%|HC|  |TAMS 0x0000000085500000, 0x0000000085500000| Complete 
|  36|0x0000000085600000, 0x0000000085700000, 0x0000000085700000|100%|HS|  |TAMS 0x0000000085600000, 0x0000000085600000| Complete 
|  37|0x0000000085700000, 0x0000000085800000, 0x0000000085800000|100%|HC|  |TAMS 0x0000000085700000, 0x0000000085700000| Complete 
|  38|0x0000000085800000, 0x0000000085900000, 0x0000000085900000|100%|HC|  |TAMS 0x0000000085800000, 0x0000000085800000| Complete 
|  39|0x0000000085900000, 0x0000000085a00000, 0x0000000085a00000|100%|HS|  |TAMS 0x0000000085900000, 0x0000000085900000| Complete 
|  40|0x0000000085a00000, 0x0000000085b00000, 0x0000000085b00000|100%|HC|  |TAMS 0x0000000085a00000, 0x0000000085a00000| Complete 
|  41|0x0000000085b00000, 0x0000000085c00000, 0x0000000085c00000|100%|HC|  |TAMS 0x0000000085b00000, 0x0000000085b00000| Complete 
|  42|0x0000000085c00000, 0x0000000085d00000, 0x0000000085d00000|100%|HS|  |TAMS 0x0000000085c00000, 0x0000000085c00000| Complete 
|  43|0x0000000085d00000, 0x0000000085e00000, 0x0000000085e00000|100%|HC|  |TAMS 0x0000000085d00000, 0x0000000085d00000| Complete 
|  44|0x0000000085e00000, 0x0000000085f00000, 0x0000000085f00000|100%|HC|  |TAMS 0x0000000085e00000, 0x0000000085e00000| Complete 
|  45|0x0000000085f00000, 0x0000000086000000, 0x0000000086000000|100%|HS|  |TAMS 0x0000000085f00000, 0x0000000085f00000| Complete 
|  46|0x0000000086000000, 0x0000000086100000, 0x0000000086100000|100%|HC|  |TAMS 0x0000000086000000, 0x0000000086000000| Complete 
|  47|0x0000000086100000, 0x0000000086200000, 0x0000000086200000|100%|HS|  |TAMS 0x0000000086100000, 0x0000000086100000| Complete 
|  48|0x0000000086200000, 0x0000000086300000, 0x0000000086300000|100%|HC|  |TAMS 0x0000000086200000, 0x0000000086200000| Complete 
|  49|0x0000000086300000, 0x0000000086400000, 0x0000000086400000|100%|HC|  |TAMS 0x0000000086300000, 0x0000000086300000| Complete 
|  50|0x0000000086400000, 0x0000000086500000, 0x0000000086500000|100%|HS|  |TAMS 0x0000000086400000, 0x0000000086400000| Complete 
|  51|0x0000000086500000, 0x0000000086600000, 0x0000000086600000|100%|HC|  |TAMS 0x0000000086500000, 0x0000000086500000| Complete 
|  52|0x0000000086600000, 0x0000000086700000, 0x0000000086700000|100%|HC|  |TAMS 0x0000000086600000, 0x0000000086600000| Complete 
|  53|0x0000000086700000, 0x0000000086800000, 0x0000000086800000|100%|HS|  |TAMS 0x0000000086700000, 0x0000000086700000| Complete 
|  54|0x0000000086800000, 0x0000000086900000, 0x0000000086900000|100%|HC|  |TAMS 0x0000000086800000, 0x0000000086800000| Complete 
|  55|0x0000000086900000, 0x0000000086a00000, 0x0000000086a00000|100%| O|  |TAMS 0x0000000086a00000, 0x0000000086900000| Untracked 
|  56|0x0000000086a00000, 0x0000000086a00000, 0x0000000086b00000|  0%| F|  |TAMS 0x0000000086a00000, 0x0000000086a00000| Untracked 
|  57|0x0000000086b00000, 0x0000000086c00000, 0x0000000086c00000|100%| O|  |TAMS 0x0000000086c00000, 0x0000000086b00000| Untracked 
|  58|0x0000000086c00000, 0x0000000086d00000, 0x0000000086d00000|100%|HS|  |TAMS 0x0000000086d00000, 0x0000000086c00000| Complete 
|  59|0x0000000086d00000, 0x0000000086e00000, 0x0000000086e00000|100%|HC|  |TAMS 0x0000000086e00000, 0x0000000086d00000| Complete 
|  60|0x0000000086e00000, 0x0000000086f00000, 0x0000000086f00000|100%|HC|  |TAMS 0x0000000086f00000, 0x0000000086e00000| Complete 
|  61|0x0000000086f00000, 0x0000000087000000, 0x0000000087000000|100%|HC|  |TAMS 0x0000000087000000, 0x0000000086f00000| Complete 
|  62|0x0000000087000000, 0x0000000087100000, 0x0000000087100000|100%|HC|  |TAMS 0x0000000087100000, 0x0000000087000000| Complete 
|  63|0x0000000087100000, 0x0000000087200000, 0x0000000087200000|100%|HC|  |TAMS 0x0000000087200000, 0x0000000087100000| Complete 
|  64|0x0000000087200000, 0x0000000087300000, 0x0000000087300000|100%|HC|  |TAMS 0x0000000087300000, 0x0000000087200000| Complete 
|  65|0x0000000087300000, 0x0000000087400000, 0x0000000087400000|100%|HC|  |TAMS 0x0000000087400000, 0x0000000087300000| Complete 
|  66|0x0000000087400000, 0x0000000087500000, 0x0000000087500000|100%|HC|  |TAMS 0x0000000087500000, 0x0000000087400000| Complete 
|  67|0x0000000087500000, 0x0000000087600000, 0x0000000087600000|100%|HC|  |TAMS 0x0000000087600000, 0x0000000087500000| Complete 
|  68|0x0000000087600000, 0x0000000087700000, 0x0000000087700000|100%|HC|  |TAMS 0x0000000087700000, 0x0000000087600000| Complete 
|  69|0x0000000087700000, 0x0000000087800000, 0x0000000087800000|100%|HC|  |TAMS 0x0000000087800000, 0x0000000087700000| Complete 
|  70|0x0000000087800000, 0x0000000087900000, 0x0000000087900000|100%|HC|  |TAMS 0x0000000087900000, 0x0000000087800000| Complete 
|  71|0x0000000087900000, 0x0000000087a00000, 0x0000000087a00000|100%|HC|  |TAMS 0x0000000087a00000, 0x0000000087900000| Complete 
|  72|0x0000000087a00000, 0x0000000087b00000, 0x0000000087b00000|100%|HC|  |TAMS 0x0000000087b00000, 0x0000000087a00000| Complete 
|  73|0x0000000087b00000, 0x0000000087c00000, 0x0000000087c00000|100%|HC|  |TAMS 0x0000000087c00000, 0x0000000087b00000| Complete 
|  74|0x0000000087c00000, 0x0000000087d00000, 0x0000000087d00000|100%|HC|  |TAMS 0x0000000087d00000, 0x0000000087c00000| Complete 
|  75|0x0000000087d00000, 0x0000000087e00000, 0x0000000087e00000|100%|HC|  |TAMS 0x0000000087e00000, 0x0000000087d00000| Complete 
|  76|0x0000000087e00000, 0x0000000087f00000, 0x0000000087f00000|100%|HC|  |TAMS 0x0000000087f00000, 0x0000000087e00000| Complete 
|  77|0x0000000087f00000, 0x0000000088000000, 0x0000000088000000|100%|HC|  |TAMS 0x0000000088000000, 0x0000000087f00000| Complete 
|  78|0x0000000088000000, 0x0000000088100000, 0x0000000088100000|100%|HC|  |TAMS 0x0000000088100000, 0x0000000088000000| Complete 
|  79|0x0000000088100000, 0x0000000088200000, 0x0000000088200000|100%|HC|  |TAMS 0x0000000088200000, 0x0000000088100000| Complete 
|  80|0x0000000088200000, 0x0000000088300000, 0x0000000088300000|100%|HC|  |TAMS 0x0000000088300000, 0x0000000088200000| Complete 
|  81|0x0000000088300000, 0x0000000088400000, 0x0000000088400000|100%| O|  |TAMS 0x0000000088400000, 0x0000000088300000| Complete 
|  82|0x0000000088400000, 0x0000000088500000, 0x0000000088500000|100%| O|  |TAMS 0x0000000088500000, 0x0000000088400000| Complete 
|  83|0x0000000088500000, 0x0000000088600000, 0x0000000088600000|100%|HS|  |TAMS 0x0000000088600000, 0x0000000088500000| Complete 
|  84|0x0000000088600000, 0x0000000088700000, 0x0000000088700000|100%|HC|  |TAMS 0x0000000088700000, 0x0000000088600000| Complete 
|  85|0x0000000088700000, 0x0000000088800000, 0x0000000088800000|100%| O|  |TAMS 0x0000000088800000, 0x0000000088700000| Untracked 
|  86|0x0000000088800000, 0x0000000088900000, 0x0000000088900000|100%| O|  |TAMS 0x0000000088900000, 0x0000000088800000| Untracked 
|  87|0x0000000088900000, 0x0000000088a00000, 0x0000000088a00000|100%| O|  |TAMS 0x0000000088a00000, 0x0000000088900000| Untracked 
|  88|0x0000000088a00000, 0x0000000088b00000, 0x0000000088b00000|100%|HS|  |TAMS 0x0000000088a00000, 0x0000000088a00000| Complete 
|  89|0x0000000088b00000, 0x0000000088c00000, 0x0000000088c00000|100%|HC|  |TAMS 0x0000000088b00000, 0x0000000088b00000| Complete 
|  90|0x0000000088c00000, 0x0000000088d00000, 0x0000000088d00000|100%|HS|  |TAMS 0x0000000088c00000, 0x0000000088c00000| Complete 
|  91|0x0000000088d00000, 0x0000000088e00000, 0x0000000088e00000|100%|HC|  |TAMS 0x0000000088d00000, 0x0000000088d00000| Complete 
|  92|0x0000000088e00000, 0x0000000088f00000, 0x0000000088f00000|100%|HS|  |TAMS 0x0000000088e00000, 0x0000000088e00000| Complete 
|  93|0x0000000088f00000, 0x0000000089000000, 0x0000000089000000|100%|HC|  |TAMS 0x0000000088f00000, 0x0000000088f00000| Complete 
|  94|0x0000000089000000, 0x0000000089100000, 0x0000000089100000|100%|HS|  |TAMS 0x0000000089000000, 0x0000000089000000| Complete 
|  95|0x0000000089100000, 0x0000000089200000, 0x0000000089200000|100%|HC|  |TAMS 0x0000000089100000, 0x0000000089100000| Complete 
|  96|0x0000000089200000, 0x0000000089300000, 0x0000000089300000|100%|HS|  |TAMS 0x0000000089200000, 0x0000000089200000| Complete 
|  97|0x0000000089300000, 0x0000000089400000, 0x0000000089400000|100%|HC|  |TAMS 0x0000000089300000, 0x0000000089300000| Complete 
|  98|0x0000000089400000, 0x0000000089500000, 0x0000000089500000|100%|HS|  |TAMS 0x0000000089400000, 0x0000000089400000| Complete 
|  99|0x0000000089500000, 0x0000000089600000, 0x0000000089600000|100%|HC|  |TAMS 0x0000000089500000, 0x0000000089500000| Complete 
| 100|0x0000000089600000, 0x0000000089700000, 0x0000000089700000|100%|HC|  |TAMS 0x0000000089600000, 0x0000000089600000| Complete 
| 101|0x0000000089700000, 0x0000000089800000, 0x0000000089800000|100%|HS|  |TAMS 0x0000000089700000, 0x0000000089700000| Complete 
| 102|0x0000000089800000, 0x0000000089900000, 0x0000000089900000|100%|HC|  |TAMS 0x0000000089800000, 0x0000000089800000| Complete 
| 103|0x0000000089900000, 0x0000000089a00000, 0x0000000089a00000|100%|HC|  |TAMS 0x0000000089900000, 0x0000000089900000| Complete 
| 104|0x0000000089a00000, 0x0000000089b00000, 0x0000000089b00000|100%| O|  |TAMS 0x0000000089b00000, 0x0000000089a00000| Untracked 
| 105|0x0000000089b00000, 0x0000000089c00000, 0x0000000089c00000|100%| O|  |TAMS 0x0000000089c00000, 0x0000000089b00000| Untracked 
| 106|0x0000000089c00000, 0x0000000089d00000, 0x0000000089d00000|100%| O|  |TAMS 0x0000000089d00000, 0x0000000089c00000| Untracked 
| 107|0x0000000089d00000, 0x0000000089e00000, 0x0000000089e00000|100%| O|  |TAMS 0x0000000089e00000, 0x0000000089d00000| Untracked 
| 108|0x0000000089e00000, 0x0000000089f00000, 0x0000000089f00000|100%| O|  |TAMS 0x0000000089f00000, 0x0000000089e00000| Untracked 
| 109|0x0000000089f00000, 0x000000008a000000, 0x000000008a000000|100%|HS|  |TAMS 0x000000008a000000, 0x0000000089f00000| Complete 
| 110|0x000000008a000000, 0x000000008a100000, 0x000000008a100000|100%|HC|  |TAMS 0x000000008a100000, 0x000000008a000000| Complete 
| 111|0x000000008a100000, 0x000000008a200000, 0x000000008a200000|100%|HC|  |TAMS 0x000000008a200000, 0x000000008a100000| Complete 
| 112|0x000000008a200000, 0x000000008a300000, 0x000000008a300000|100%|HC|  |TAMS 0x000000008a300000, 0x000000008a200000| Complete 
| 113|0x000000008a300000, 0x000000008a400000, 0x000000008a400000|100%|HC|  |TAMS 0x000000008a400000, 0x000000008a300000| Complete 
| 114|0x000000008a400000, 0x000000008a500000, 0x000000008a500000|100%|HC|  |TAMS 0x000000008a500000, 0x000000008a400000| Complete 
| 115|0x000000008a500000, 0x000000008a600000, 0x000000008a600000|100%|HC|  |TAMS 0x000000008a600000, 0x000000008a500000| Complete 
| 116|0x000000008a600000, 0x000000008a700000, 0x000000008a700000|100%|HC|  |TAMS 0x000000008a700000, 0x000000008a600000| Complete 
| 117|0x000000008a700000, 0x000000008a800000, 0x000000008a800000|100%|HC|  |TAMS 0x000000008a800000, 0x000000008a700000| Complete 
| 118|0x000000008a800000, 0x000000008a900000, 0x000000008a900000|100%|HC|  |TAMS 0x000000008a900000, 0x000000008a800000| Complete 
| 119|0x000000008a900000, 0x000000008aa00000, 0x000000008aa00000|100%|HC|  |TAMS 0x000000008aa00000, 0x000000008a900000| Complete 
| 120|0x000000008aa00000, 0x000000008ab00000, 0x000000008ab00000|100%|HC|  |TAMS 0x000000008ab00000, 0x000000008aa00000| Complete 
| 121|0x000000008ab00000, 0x000000008ac00000, 0x000000008ac00000|100%|HC|  |TAMS 0x000000008ac00000, 0x000000008ab00000| Complete 
| 122|0x000000008ac00000, 0x000000008ad00000, 0x000000008ad00000|100%|HC|  |TAMS 0x000000008ad00000, 0x000000008ac00000| Complete 
| 123|0x000000008ad00000, 0x000000008ae00000, 0x000000008ae00000|100%|HC|  |TAMS 0x000000008ae00000, 0x000000008ad00000| Complete 
| 124|0x000000008ae00000, 0x000000008af00000, 0x000000008af00000|100%|HC|  |TAMS 0x000000008af00000, 0x000000008ae00000| Complete 
| 125|0x000000008af00000, 0x000000008b000000, 0x000000008b000000|100%|HC|  |TAMS 0x000000008b000000, 0x000000008af00000| Complete 
| 126|0x000000008b000000, 0x000000008b100000, 0x000000008b100000|100%|HC|  |TAMS 0x000000008b100000, 0x000000008b000000| Complete 
| 127|0x000000008b100000, 0x000000008b200000, 0x000000008b200000|100%|HC|  |TAMS 0x000000008b200000, 0x000000008b100000| Complete 
| 128|0x000000008b200000, 0x000000008b300000, 0x000000008b300000|100%|HC|  |TAMS 0x000000008b300000, 0x000000008b200000| Complete 
| 129|0x000000008b300000, 0x000000008b400000, 0x000000008b400000|100%|HC|  |TAMS 0x000000008b400000, 0x000000008b300000| Complete 
| 130|0x000000008b400000, 0x000000008b500000, 0x000000008b500000|100%|HC|  |TAMS 0x000000008b500000, 0x000000008b400000| Complete 
| 131|0x000000008b500000, 0x000000008b600000, 0x000000008b600000|100%|HC|  |TAMS 0x000000008b600000, 0x000000008b500000| Complete 
| 132|0x000000008b600000, 0x000000008b700000, 0x000000008b700000|100%|HC|  |TAMS 0x000000008b700000, 0x000000008b600000| Complete 
| 133|0x000000008b700000, 0x000000008b800000, 0x000000008b800000|100%|HC|  |TAMS 0x000000008b800000, 0x000000008b700000| Complete 
| 134|0x000000008b800000, 0x000000008b900000, 0x000000008b900000|100%|HC|  |TAMS 0x000000008b900000, 0x000000008b800000| Complete 
| 135|0x000000008b900000, 0x000000008ba00000, 0x000000008ba00000|100%|HC|  |TAMS 0x000000008ba00000, 0x000000008b900000| Complete 
| 136|0x000000008ba00000, 0x000000008bb00000, 0x000000008bb00000|100%|HC|  |TAMS 0x000000008bb00000, 0x000000008ba00000| Complete 
| 137|0x000000008bb00000, 0x000000008bc00000, 0x000000008bc00000|100%|HC|  |TAMS 0x000000008bc00000, 0x000000008bb00000| Complete 
| 138|0x000000008bc00000, 0x000000008bd00000, 0x000000008bd00000|100%|HC|  |TAMS 0x000000008bd00000, 0x000000008bc00000| Complete 
| 139|0x000000008bd00000, 0x000000008be00000, 0x000000008be00000|100%|HC|  |TAMS 0x000000008be00000, 0x000000008bd00000| Complete 
| 140|0x000000008be00000, 0x000000008bf00000, 0x000000008bf00000|100%|HC|  |TAMS 0x000000008bf00000, 0x000000008be00000| Complete 
| 141|0x000000008bf00000, 0x000000008c000000, 0x000000008c000000|100%|HC|  |TAMS 0x000000008c000000, 0x000000008bf00000| Complete 
| 142|0x000000008c000000, 0x000000008c100000, 0x000000008c100000|100%|HC|  |TAMS 0x000000008c100000, 0x000000008c000000| Complete 
| 143|0x000000008c100000, 0x000000008c200000, 0x000000008c200000|100%|HC|  |TAMS 0x000000008c200000, 0x000000008c100000| Complete 
| 144|0x000000008c200000, 0x000000008c300000, 0x000000008c300000|100%|HC|  |TAMS 0x000000008c300000, 0x000000008c200000| Complete 
| 145|0x000000008c300000, 0x000000008c400000, 0x000000008c400000|100%|HC|  |TAMS 0x000000008c400000, 0x000000008c300000| Complete 
| 146|0x000000008c400000, 0x000000008c500000, 0x000000008c500000|100%|HC|  |TAMS 0x000000008c500000, 0x000000008c400000| Complete 
| 147|0x000000008c500000, 0x000000008c600000, 0x000000008c600000|100%|HC|  |TAMS 0x000000008c600000, 0x000000008c500000| Complete 
| 148|0x000000008c600000, 0x000000008c700000, 0x000000008c700000|100%|HC|  |TAMS 0x000000008c700000, 0x000000008c600000| Complete 
| 149|0x000000008c700000, 0x000000008c800000, 0x000000008c800000|100%|HC|  |TAMS 0x000000008c800000, 0x000000008c700000| Complete 
| 150|0x000000008c800000, 0x000000008c900000, 0x000000008c900000|100%|HC|  |TAMS 0x000000008c900000, 0x000000008c800000| Complete 
| 151|0x000000008c900000, 0x000000008ca00000, 0x000000008ca00000|100%|HC|  |TAMS 0x000000008ca00000, 0x000000008c900000| Complete 
| 152|0x000000008ca00000, 0x000000008cb00000, 0x000000008cb00000|100%|HC|  |TAMS 0x000000008cb00000, 0x000000008ca00000| Complete 
| 153|0x000000008cb00000, 0x000000008cc00000, 0x000000008cc00000|100%|HC|  |TAMS 0x000000008cc00000, 0x000000008cb00000| Complete 
| 154|0x000000008cc00000, 0x000000008cd00000, 0x000000008cd00000|100%|HC|  |TAMS 0x000000008cd00000, 0x000000008cc00000| Complete 
| 155|0x000000008cd00000, 0x000000008ce00000, 0x000000008ce00000|100%|HS|  |TAMS 0x000000008ce00000, 0x000000008cd00000| Complete 
| 156|0x000000008ce00000, 0x000000008cf00000, 0x000000008cf00000|100%|HC|  |TAMS 0x000000008cf00000, 0x000000008ce00000| Complete 
| 157|0x000000008cf00000, 0x000000008cf601a0, 0x000000008d000000| 37%| S|CS|TAMS 0x000000008cf00000, 0x000000008cf00000| Complete 
| 158|0x000000008d000000, 0x000000008d100000, 0x000000008d100000|100%| S|CS|TAMS 0x000000008d000000, 0x000000008d000000| Complete 
| 159|0x000000008d100000, 0x000000008d200000, 0x000000008d200000|100%| S|CS|TAMS 0x000000008d100000, 0x000000008d100000| Complete 
| 160|0x000000008d200000, 0x000000008d300000, 0x000000008d300000|100%| S|CS|TAMS 0x000000008d200000, 0x000000008d200000| Complete 
| 161|0x000000008d300000, 0x000000008d400000, 0x000000008d400000|100%| S|CS|TAMS 0x000000008d300000, 0x000000008d300000| Complete 
| 162|0x000000008d400000, 0x000000008d500000, 0x000000008d500000|100%| S|CS|TAMS 0x000000008d400000, 0x000000008d400000| Complete 
| 163|0x000000008d500000, 0x000000008d600000, 0x000000008d600000|100%| S|CS|TAMS 0x000000008d500000, 0x000000008d500000| Complete 
| 164|0x000000008d600000, 0x000000008d700000, 0x000000008d700000|100%| S|CS|TAMS 0x000000008d600000, 0x000000008d600000| Complete 
| 165|0x000000008d700000, 0x000000008d800000, 0x000000008d800000|100%| S|CS|TAMS 0x000000008d700000, 0x000000008d700000| Complete 
| 166|0x000000008d800000, 0x000000008d900000, 0x000000008d900000|100%|HS|  |TAMS 0x000000008d800000, 0x000000008d800000| Complete 
| 167|0x000000008d900000, 0x000000008da00000, 0x000000008da00000|100%|HC|  |TAMS 0x000000008d900000, 0x000000008d900000| Complete 
| 168|0x000000008da00000, 0x000000008db00000, 0x000000008db00000|100%|HS|  |TAMS 0x000000008da00000, 0x000000008da00000| Complete 
| 169|0x000000008db00000, 0x000000008dc00000, 0x000000008dc00000|100%|HC|  |TAMS 0x000000008db00000, 0x000000008db00000| Complete 
| 170|0x000000008dc00000, 0x000000008dd00000, 0x000000008dd00000|100%|HS|  |TAMS 0x000000008dc00000, 0x000000008dc00000| Complete 
| 171|0x000000008dd00000, 0x000000008de00000, 0x000000008de00000|100%|HC|  |TAMS 0x000000008dd00000, 0x000000008dd00000| Complete 
| 172|0x000000008de00000, 0x000000008de00000, 0x000000008df00000|  0%| F|  |TAMS 0x000000008de00000, 0x000000008de00000| Untracked 
| 173|0x000000008df00000, 0x000000008df00000, 0x000000008e000000|  0%| F|  |TAMS 0x000000008df00000, 0x000000008df00000| Untracked 
| 174|0x000000008e000000, 0x000000008e000000, 0x000000008e100000|  0%| F|  |TAMS 0x000000008e000000, 0x000000008e000000| Untracked 
| 175|0x000000008e100000, 0x000000008e100000, 0x000000008e200000|  0%| F|  |TAMS 0x000000008e100000, 0x000000008e100000| Untracked 
| 176|0x000000008e200000, 0x000000008e200000, 0x000000008e300000|  0%| F|  |TAMS 0x000000008e200000, 0x000000008e200000| Untracked 
| 177|0x000000008e300000, 0x000000008e300000, 0x000000008e400000|  0%| F|  |TAMS 0x000000008e300000, 0x000000008e300000| Untracked 
| 178|0x000000008e400000, 0x000000008e400000, 0x000000008e500000|  0%| F|  |TAMS 0x000000008e400000, 0x000000008e400000| Untracked 
| 179|0x000000008e500000, 0x000000008e500000, 0x000000008e600000|  0%| F|  |TAMS 0x000000008e500000, 0x000000008e500000| Untracked 
| 180|0x000000008e600000, 0x000000008e600000, 0x000000008e700000|  0%| F|  |TAMS 0x000000008e600000, 0x000000008e600000| Untracked 
| 181|0x000000008e700000, 0x000000008e700000, 0x000000008e800000|  0%| F|  |TAMS 0x000000008e700000, 0x000000008e700000| Untracked 
| 182|0x000000008e800000, 0x000000008e800000, 0x000000008e900000|  0%| F|  |TAMS 0x000000008e800000, 0x000000008e800000| Untracked 
| 183|0x000000008e900000, 0x000000008e900000, 0x000000008ea00000|  0%| F|  |TAMS 0x000000008e900000, 0x000000008e900000| Untracked 
| 184|0x000000008ea00000, 0x000000008ea00000, 0x000000008eb00000|  0%| F|  |TAMS 0x000000008ea00000, 0x000000008ea00000| Untracked 
| 185|0x000000008eb00000, 0x000000008eb00000, 0x000000008ec00000|  0%| F|  |TAMS 0x000000008eb00000, 0x000000008eb00000| Untracked 
| 186|0x000000008ec00000, 0x000000008ec00000, 0x000000008ed00000|  0%| F|  |TAMS 0x000000008ec00000, 0x000000008ec00000| Untracked 
| 187|0x000000008ed00000, 0x000000008ed00000, 0x000000008ee00000|  0%| F|  |TAMS 0x000000008ed00000, 0x000000008ed00000| Untracked 
| 188|0x000000008ee00000, 0x000000008ee00000, 0x000000008ef00000|  0%| F|  |TAMS 0x000000008ee00000, 0x000000008ee00000| Untracked 
| 189|0x000000008ef00000, 0x000000008ef00000, 0x000000008f000000|  0%| F|  |TAMS 0x000000008ef00000, 0x000000008ef00000| Untracked 
| 190|0x000000008f000000, 0x000000008f000000, 0x000000008f100000|  0%| F|  |TAMS 0x000000008f000000, 0x000000008f000000| Untracked 
| 191|0x000000008f100000, 0x000000008f100000, 0x000000008f200000|  0%| F|  |TAMS 0x000000008f100000, 0x000000008f100000| Untracked 
| 192|0x000000008f200000, 0x000000008f200000, 0x000000008f300000|  0%| F|  |TAMS 0x000000008f200000, 0x000000008f200000| Untracked 
| 193|0x000000008f300000, 0x000000008f300000, 0x000000008f400000|  0%| F|  |TAMS 0x000000008f300000, 0x000000008f300000| Untracked 
| 194|0x000000008f400000, 0x000000008f400000, 0x000000008f500000|  0%| F|  |TAMS 0x000000008f400000, 0x000000008f400000| Untracked 
| 195|0x000000008f500000, 0x000000008f500000, 0x000000008f600000|  0%| F|  |TAMS 0x000000008f500000, 0x000000008f500000| Untracked 
| 196|0x000000008f600000, 0x000000008f600000, 0x000000008f700000|  0%| F|  |TAMS 0x000000008f600000, 0x000000008f600000| Untracked 
| 197|0x000000008f700000, 0x000000008f700000, 0x000000008f800000|  0%| F|  |TAMS 0x000000008f700000, 0x000000008f700000| Untracked 
| 198|0x000000008f800000, 0x000000008f800000, 0x000000008f900000|  0%| F|  |TAMS 0x000000008f800000, 0x000000008f800000| Untracked 
| 199|0x000000008f900000, 0x000000008f900000, 0x000000008fa00000|  0%| F|  |TAMS 0x000000008f900000, 0x000000008f900000| Untracked 
| 200|0x000000008fa00000, 0x000000008fa00000, 0x000000008fb00000|  0%| F|  |TAMS 0x000000008fa00000, 0x000000008fa00000| Untracked 
| 201|0x000000008fb00000, 0x000000008fb00000, 0x000000008fc00000|  0%| F|  |TAMS 0x000000008fb00000, 0x000000008fb00000| Untracked 
| 202|0x000000008fc00000, 0x000000008fc00000, 0x000000008fd00000|  0%| F|  |TAMS 0x000000008fc00000, 0x000000008fc00000| Untracked 
| 203|0x000000008fd00000, 0x000000008fd00000, 0x000000008fe00000|  0%| F|  |TAMS 0x000000008fd00000, 0x000000008fd00000| Untracked 
| 204|0x000000008fe00000, 0x000000008fe00000, 0x000000008ff00000|  0%| F|  |TAMS 0x000000008fe00000, 0x000000008fe00000| Untracked 
| 205|0x000000008ff00000, 0x000000008ff00000, 0x0000000090000000|  0%| F|  |TAMS 0x000000008ff00000, 0x000000008ff00000| Untracked 
| 206|0x0000000090000000, 0x0000000090000000, 0x0000000090100000|  0%| F|  |TAMS 0x0000000090000000, 0x0000000090000000| Untracked 
| 207|0x0000000090100000, 0x0000000090100000, 0x0000000090200000|  0%| F|  |TAMS 0x0000000090100000, 0x0000000090100000| Untracked 
| 208|0x0000000090200000, 0x0000000090200000, 0x0000000090300000|  0%| F|  |TAMS 0x0000000090200000, 0x0000000090200000| Untracked 
| 209|0x0000000090300000, 0x0000000090300000, 0x0000000090400000|  0%| F|  |TAMS 0x0000000090300000, 0x0000000090300000| Untracked 
| 210|0x0000000090400000, 0x0000000090400000, 0x0000000090500000|  0%| F|  |TAMS 0x0000000090400000, 0x0000000090400000| Untracked 
| 211|0x0000000090500000, 0x0000000090500000, 0x0000000090600000|  0%| F|  |TAMS 0x0000000090500000, 0x0000000090500000| Untracked 
| 212|0x0000000090600000, 0x0000000090600000, 0x0000000090700000|  0%| F|  |TAMS 0x0000000090600000, 0x0000000090600000| Untracked 
| 213|0x0000000090700000, 0x0000000090700000, 0x0000000090800000|  0%| F|  |TAMS 0x0000000090700000, 0x0000000090700000| Untracked 
| 214|0x0000000090800000, 0x0000000090800000, 0x0000000090900000|  0%| F|  |TAMS 0x0000000090800000, 0x0000000090800000| Untracked 
| 215|0x0000000090900000, 0x0000000090900000, 0x0000000090a00000|  0%| F|  |TAMS 0x0000000090900000, 0x0000000090900000| Untracked 
| 216|0x0000000090a00000, 0x0000000090a00000, 0x0000000090b00000|  0%| F|  |TAMS 0x0000000090a00000, 0x0000000090a00000| Untracked 
| 217|0x0000000090b00000, 0x0000000090b00000, 0x0000000090c00000|  0%| F|  |TAMS 0x0000000090b00000, 0x0000000090b00000| Untracked 
| 218|0x0000000090c00000, 0x0000000090c00000, 0x0000000090d00000|  0%| F|  |TAMS 0x0000000090c00000, 0x0000000090c00000| Untracked 
| 219|0x0000000090d00000, 0x0000000090d00000, 0x0000000090e00000|  0%| F|  |TAMS 0x0000000090d00000, 0x0000000090d00000| Untracked 
| 220|0x0000000090e00000, 0x0000000090e00000, 0x0000000090f00000|  0%| F|  |TAMS 0x0000000090e00000, 0x0000000090e00000| Untracked 
| 221|0x0000000090f00000, 0x0000000090f00000, 0x0000000091000000|  0%| F|  |TAMS 0x0000000090f00000, 0x0000000090f00000| Untracked 
| 222|0x0000000091000000, 0x0000000091000000, 0x0000000091100000|  0%| F|  |TAMS 0x0000000091000000, 0x0000000091000000| Untracked 
| 223|0x0000000091100000, 0x0000000091100000, 0x0000000091200000|  0%| F|  |TAMS 0x0000000091100000, 0x0000000091100000| Untracked 
| 224|0x0000000091200000, 0x0000000091200000, 0x0000000091300000|  0%| F|  |TAMS 0x0000000091200000, 0x0000000091200000| Untracked 
| 225|0x0000000091300000, 0x0000000091300000, 0x0000000091400000|  0%| F|  |TAMS 0x0000000091300000, 0x0000000091300000| Untracked 
| 226|0x0000000091400000, 0x0000000091400000, 0x0000000091500000|  0%| F|  |TAMS 0x0000000091400000, 0x0000000091400000| Untracked 
| 227|0x0000000091500000, 0x0000000091500000, 0x0000000091600000|  0%| F|  |TAMS 0x0000000091500000, 0x0000000091500000| Untracked 
| 228|0x0000000091600000, 0x0000000091600000, 0x0000000091700000|  0%| F|  |TAMS 0x0000000091600000, 0x0000000091600000| Untracked 
| 229|0x0000000091700000, 0x0000000091700000, 0x0000000091800000|  0%| F|  |TAMS 0x0000000091700000, 0x0000000091700000| Untracked 
| 230|0x0000000091800000, 0x0000000091800000, 0x0000000091900000|  0%| F|  |TAMS 0x0000000091800000, 0x0000000091800000| Untracked 
| 231|0x0000000091900000, 0x0000000091900000, 0x0000000091a00000|  0%| F|  |TAMS 0x0000000091900000, 0x0000000091900000| Untracked 
| 232|0x0000000091a00000, 0x0000000091a00000, 0x0000000091b00000|  0%| F|  |TAMS 0x0000000091a00000, 0x0000000091a00000| Untracked 
| 233|0x0000000091b00000, 0x0000000091b00000, 0x0000000091c00000|  0%| F|  |TAMS 0x0000000091b00000, 0x0000000091b00000| Untracked 
| 234|0x0000000091c00000, 0x0000000091c00000, 0x0000000091d00000|  0%| F|  |TAMS 0x0000000091c00000, 0x0000000091c00000| Untracked 
| 235|0x0000000091d00000, 0x0000000091d00000, 0x0000000091e00000|  0%| F|  |TAMS 0x0000000091d00000, 0x0000000091d00000| Untracked 
| 236|0x0000000091e00000, 0x0000000091e00000, 0x0000000091f00000|  0%| F|  |TAMS 0x0000000091e00000, 0x0000000091e00000| Untracked 
| 237|0x0000000091f00000, 0x0000000091f00000, 0x0000000092000000|  0%| F|  |TAMS 0x0000000091f00000, 0x0000000091f00000| Untracked 
| 238|0x0000000092000000, 0x0000000092000000, 0x0000000092100000|  0%| F|  |TAMS 0x0000000092000000, 0x0000000092000000| Untracked 
| 239|0x0000000092100000, 0x0000000092100000, 0x0000000092200000|  0%| F|  |TAMS 0x0000000092100000, 0x0000000092100000| Untracked 
| 240|0x0000000092200000, 0x0000000092200000, 0x0000000092300000|  0%| F|  |TAMS 0x0000000092200000, 0x0000000092200000| Untracked 
| 241|0x0000000092300000, 0x0000000092300000, 0x0000000092400000|  0%| F|  |TAMS 0x0000000092300000, 0x0000000092300000| Untracked 
| 242|0x0000000092400000, 0x0000000092400000, 0x0000000092500000|  0%| F|  |TAMS 0x0000000092400000, 0x0000000092400000| Untracked 
| 243|0x0000000092500000, 0x0000000092500000, 0x0000000092600000|  0%| F|  |TAMS 0x0000000092500000, 0x0000000092500000| Untracked 
| 244|0x0000000092600000, 0x0000000092600000, 0x0000000092700000|  0%| F|  |TAMS 0x0000000092600000, 0x0000000092600000| Untracked 
| 245|0x0000000092700000, 0x0000000092700000, 0x0000000092800000|  0%| F|  |TAMS 0x0000000092700000, 0x0000000092700000| Untracked 
| 246|0x0000000092800000, 0x0000000092800000, 0x0000000092900000|  0%| F|  |TAMS 0x0000000092800000, 0x0000000092800000| Untracked 
| 247|0x0000000092900000, 0x0000000092900000, 0x0000000092a00000|  0%| F|  |TAMS 0x0000000092900000, 0x0000000092900000| Untracked 
| 248|0x0000000092a00000, 0x0000000092a00000, 0x0000000092b00000|  0%| F|  |TAMS 0x0000000092a00000, 0x0000000092a00000| Untracked 
| 249|0x0000000092b00000, 0x0000000092b00000, 0x0000000092c00000|  0%| F|  |TAMS 0x0000000092b00000, 0x0000000092b00000| Untracked 
| 250|0x0000000092c00000, 0x0000000092c00000, 0x0000000092d00000|  0%| F|  |TAMS 0x0000000092c00000, 0x0000000092c00000| Untracked 
| 251|0x0000000092d00000, 0x0000000092d00000, 0x0000000092e00000|  0%| F|  |TAMS 0x0000000092d00000, 0x0000000092d00000| Untracked 
| 252|0x0000000092e00000, 0x0000000092e00000, 0x0000000092f00000|  0%| F|  |TAMS 0x0000000092e00000, 0x0000000092e00000| Untracked 
| 253|0x0000000092f00000, 0x0000000092f00000, 0x0000000093000000|  0%| F|  |TAMS 0x0000000092f00000, 0x0000000092f00000| Untracked 
| 254|0x0000000093000000, 0x0000000093000000, 0x0000000093100000|  0%| F|  |TAMS 0x0000000093000000, 0x0000000093000000| Untracked 
| 255|0x0000000093100000, 0x0000000093100000, 0x0000000093200000|  0%| F|  |TAMS 0x0000000093100000, 0x0000000093100000| Untracked 
| 256|0x0000000093200000, 0x0000000093200000, 0x0000000093300000|  0%| F|  |TAMS 0x0000000093200000, 0x0000000093200000| Untracked 
| 257|0x0000000093300000, 0x0000000093300000, 0x0000000093400000|  0%| F|  |TAMS 0x0000000093300000, 0x0000000093300000| Untracked 
| 258|0x0000000093400000, 0x0000000093400000, 0x0000000093500000|  0%| F|  |TAMS 0x0000000093400000, 0x0000000093400000| Untracked 
| 259|0x0000000093500000, 0x0000000093500000, 0x0000000093600000|  0%| F|  |TAMS 0x0000000093500000, 0x0000000093500000| Untracked 
| 260|0x0000000093600000, 0x0000000093600000, 0x0000000093700000|  0%| F|  |TAMS 0x0000000093600000, 0x0000000093600000| Untracked 
| 261|0x0000000093700000, 0x0000000093700000, 0x0000000093800000|  0%| F|  |TAMS 0x0000000093700000, 0x0000000093700000| Untracked 
| 262|0x0000000093800000, 0x0000000093800000, 0x0000000093900000|  0%| F|  |TAMS 0x0000000093800000, 0x0000000093800000| Untracked 
| 263|0x0000000093900000, 0x0000000093900000, 0x0000000093a00000|  0%| F|  |TAMS 0x0000000093900000, 0x0000000093900000| Untracked 
| 264|0x0000000093a00000, 0x0000000093a00000, 0x0000000093b00000|  0%| F|  |TAMS 0x0000000093a00000, 0x0000000093a00000| Untracked 
| 265|0x0000000093b00000, 0x0000000093b00000, 0x0000000093c00000|  0%| F|  |TAMS 0x0000000093b00000, 0x0000000093b00000| Untracked 
| 266|0x0000000093c00000, 0x0000000093c00000, 0x0000000093d00000|  0%| F|  |TAMS 0x0000000093c00000, 0x0000000093c00000| Untracked 
| 267|0x0000000093d00000, 0x0000000093d00000, 0x0000000093e00000|  0%| F|  |TAMS 0x0000000093d00000, 0x0000000093d00000| Untracked 
| 268|0x0000000093e00000, 0x0000000093e00000, 0x0000000093f00000|  0%| F|  |TAMS 0x0000000093e00000, 0x0000000093e00000| Untracked 
| 269|0x0000000093f00000, 0x0000000093f00000, 0x0000000094000000|  0%| F|  |TAMS 0x0000000093f00000, 0x0000000093f00000| Untracked 
| 270|0x0000000094000000, 0x0000000094000000, 0x0000000094100000|  0%| F|  |TAMS 0x0000000094000000, 0x0000000094000000| Untracked 
| 271|0x0000000094100000, 0x0000000094100000, 0x0000000094200000|  0%| F|  |TAMS 0x0000000094100000, 0x0000000094100000| Untracked 
| 272|0x0000000094200000, 0x0000000094200000, 0x0000000094300000|  0%| F|  |TAMS 0x0000000094200000, 0x0000000094200000| Untracked 
| 273|0x0000000094300000, 0x0000000094300000, 0x0000000094400000|  0%| F|  |TAMS 0x0000000094300000, 0x0000000094300000| Untracked 
| 274|0x0000000094400000, 0x0000000094400000, 0x0000000094500000|  0%| F|  |TAMS 0x0000000094400000, 0x0000000094400000| Untracked 
| 275|0x0000000094500000, 0x0000000094500000, 0x0000000094600000|  0%| F|  |TAMS 0x0000000094500000, 0x0000000094500000| Untracked 
| 276|0x0000000094600000, 0x0000000094600000, 0x0000000094700000|  0%| F|  |TAMS 0x0000000094600000, 0x0000000094600000| Untracked 
| 277|0x0000000094700000, 0x0000000094700000, 0x0000000094800000|  0%| F|  |TAMS 0x0000000094700000, 0x0000000094700000| Untracked 
| 278|0x0000000094800000, 0x0000000094800000, 0x0000000094900000|  0%| F|  |TAMS 0x0000000094800000, 0x0000000094800000| Untracked 
| 279|0x0000000094900000, 0x0000000094900000, 0x0000000094a00000|  0%| F|  |TAMS 0x0000000094900000, 0x0000000094900000| Untracked 
| 280|0x0000000094a00000, 0x0000000094a00000, 0x0000000094b00000|  0%| F|  |TAMS 0x0000000094a00000, 0x0000000094a00000| Untracked 
| 281|0x0000000094b00000, 0x0000000094b00000, 0x0000000094c00000|  0%| F|  |TAMS 0x0000000094b00000, 0x0000000094b00000| Untracked 
| 282|0x0000000094c00000, 0x0000000094c00000, 0x0000000094d00000|  0%| F|  |TAMS 0x0000000094c00000, 0x0000000094c00000| Untracked 
| 283|0x0000000094d00000, 0x0000000094d00000, 0x0000000094e00000|  0%| F|  |TAMS 0x0000000094d00000, 0x0000000094d00000| Untracked 
| 284|0x0000000094e00000, 0x0000000094e00000, 0x0000000094f00000|  0%| F|  |TAMS 0x0000000094e00000, 0x0000000094e00000| Untracked 
| 285|0x0000000094f00000, 0x0000000094f00000, 0x0000000095000000|  0%| F|  |TAMS 0x0000000094f00000, 0x0000000094f00000| Untracked 
| 286|0x0000000095000000, 0x0000000095000000, 0x0000000095100000|  0%| F|  |TAMS 0x0000000095000000, 0x0000000095000000| Untracked 
| 287|0x0000000095100000, 0x0000000095100000, 0x0000000095200000|  0%| F|  |TAMS 0x0000000095100000, 0x0000000095100000| Untracked 
| 288|0x0000000095200000, 0x0000000095200000, 0x0000000095300000|  0%| F|  |TAMS 0x0000000095200000, 0x0000000095200000| Untracked 
| 289|0x0000000095300000, 0x0000000095300000, 0x0000000095400000|  0%| F|  |TAMS 0x0000000095300000, 0x0000000095300000| Untracked 
| 290|0x0000000095400000, 0x0000000095400000, 0x0000000095500000|  0%| F|  |TAMS 0x0000000095400000, 0x0000000095400000| Untracked 
| 291|0x0000000095500000, 0x0000000095500000, 0x0000000095600000|  0%| F|  |TAMS 0x0000000095500000, 0x0000000095500000| Untracked 
| 292|0x0000000095600000, 0x0000000095600000, 0x0000000095700000|  0%| F|  |TAMS 0x0000000095600000, 0x0000000095600000| Untracked 
| 293|0x0000000095700000, 0x0000000095700000, 0x0000000095800000|  0%| F|  |TAMS 0x0000000095700000, 0x0000000095700000| Untracked 
| 294|0x0000000095800000, 0x0000000095800000, 0x0000000095900000|  0%| F|  |TAMS 0x0000000095800000, 0x0000000095800000| Untracked 
| 295|0x0000000095900000, 0x0000000095900000, 0x0000000095a00000|  0%| F|  |TAMS 0x0000000095900000, 0x0000000095900000| Untracked 
| 296|0x0000000095a00000, 0x0000000095a00000, 0x0000000095b00000|  0%| F|  |TAMS 0x0000000095a00000, 0x0000000095a00000| Untracked 
| 297|0x0000000095b00000, 0x0000000095b00000, 0x0000000095c00000|  0%| F|  |TAMS 0x0000000095b00000, 0x0000000095b00000| Untracked 
| 298|0x0000000095c00000, 0x0000000095c00000, 0x0000000095d00000|  0%| F|  |TAMS 0x0000000095c00000, 0x0000000095c00000| Untracked 
| 299|0x0000000095d00000, 0x0000000095d00000, 0x0000000095e00000|  0%| F|  |TAMS 0x0000000095d00000, 0x0000000095d00000| Untracked 
| 300|0x0000000095e00000, 0x0000000095e00000, 0x0000000095f00000|  0%| F|  |TAMS 0x0000000095e00000, 0x0000000095e00000| Untracked 
| 301|0x0000000095f00000, 0x0000000095f00000, 0x0000000096000000|  0%| F|  |TAMS 0x0000000095f00000, 0x0000000095f00000| Untracked 
| 302|0x0000000096000000, 0x0000000096000000, 0x0000000096100000|  0%| F|  |TAMS 0x0000000096000000, 0x0000000096000000| Untracked 
| 303|0x0000000096100000, 0x0000000096100000, 0x0000000096200000|  0%| F|  |TAMS 0x0000000096100000, 0x0000000096100000| Untracked 
| 304|0x0000000096200000, 0x0000000096200000, 0x0000000096300000|  0%| F|  |TAMS 0x0000000096200000, 0x0000000096200000| Untracked 
| 305|0x0000000096300000, 0x0000000096300000, 0x0000000096400000|  0%| F|  |TAMS 0x0000000096300000, 0x0000000096300000| Untracked 
| 306|0x0000000096400000, 0x0000000096400000, 0x0000000096500000|  0%| F|  |TAMS 0x0000000096400000, 0x0000000096400000| Untracked 
| 307|0x0000000096500000, 0x0000000096500000, 0x0000000096600000|  0%| F|  |TAMS 0x0000000096500000, 0x0000000096500000| Untracked 
| 308|0x0000000096600000, 0x0000000096600000, 0x0000000096700000|  0%| F|  |TAMS 0x0000000096600000, 0x0000000096600000| Untracked 
| 309|0x0000000096700000, 0x0000000096700000, 0x0000000096800000|  0%| F|  |TAMS 0x0000000096700000, 0x0000000096700000| Untracked 
| 310|0x0000000096800000, 0x0000000096800000, 0x0000000096900000|  0%| F|  |TAMS 0x0000000096800000, 0x0000000096800000| Untracked 
| 311|0x0000000096900000, 0x0000000096900000, 0x0000000096a00000|  0%| F|  |TAMS 0x0000000096900000, 0x0000000096900000| Untracked 
| 312|0x0000000096a00000, 0x0000000096a00000, 0x0000000096b00000|  0%| F|  |TAMS 0x0000000096a00000, 0x0000000096a00000| Untracked 
| 313|0x0000000096b00000, 0x0000000096b00000, 0x0000000096c00000|  0%| F|  |TAMS 0x0000000096b00000, 0x0000000096b00000| Untracked 
| 314|0x0000000096c00000, 0x0000000096c00000, 0x0000000096d00000|  0%| F|  |TAMS 0x0000000096c00000, 0x0000000096c00000| Untracked 
| 315|0x0000000096d00000, 0x0000000096d00000, 0x0000000096e00000|  0%| F|  |TAMS 0x0000000096d00000, 0x0000000096d00000| Untracked 
| 316|0x0000000096e00000, 0x0000000096e00000, 0x0000000096f00000|  0%| F|  |TAMS 0x0000000096e00000, 0x0000000096e00000| Untracked 
| 317|0x0000000096f00000, 0x0000000096f00000, 0x0000000097000000|  0%| F|  |TAMS 0x0000000096f00000, 0x0000000096f00000| Untracked 
| 318|0x0000000097000000, 0x0000000097000000, 0x0000000097100000|  0%| F|  |TAMS 0x0000000097000000, 0x0000000097000000| Untracked 
| 319|0x0000000097100000, 0x0000000097100000, 0x0000000097200000|  0%| F|  |TAMS 0x0000000097100000, 0x0000000097100000| Untracked 
| 320|0x0000000097200000, 0x0000000097200000, 0x0000000097300000|  0%| F|  |TAMS 0x0000000097200000, 0x0000000097200000| Untracked 
| 321|0x0000000097300000, 0x0000000097300000, 0x0000000097400000|  0%| F|  |TAMS 0x0000000097300000, 0x0000000097300000| Untracked 
| 322|0x0000000097400000, 0x0000000097400000, 0x0000000097500000|  0%| F|  |TAMS 0x0000000097400000, 0x0000000097400000| Untracked 
| 323|0x0000000097500000, 0x0000000097500000, 0x0000000097600000|  0%| F|  |TAMS 0x0000000097500000, 0x0000000097500000| Untracked 
| 324|0x0000000097600000, 0x0000000097600000, 0x0000000097700000|  0%| F|  |TAMS 0x0000000097600000, 0x0000000097600000| Untracked 
| 325|0x0000000097700000, 0x0000000097700000, 0x0000000097800000|  0%| F|  |TAMS 0x0000000097700000, 0x0000000097700000| Untracked 
| 326|0x0000000097800000, 0x0000000097800000, 0x0000000097900000|  0%| F|  |TAMS 0x0000000097800000, 0x0000000097800000| Untracked 
| 327|0x0000000097900000, 0x0000000097900000, 0x0000000097a00000|  0%| F|  |TAMS 0x0000000097900000, 0x0000000097900000| Untracked 
| 328|0x0000000097a00000, 0x0000000097a00000, 0x0000000097b00000|  0%| F|  |TAMS 0x0000000097a00000, 0x0000000097a00000| Untracked 
| 329|0x0000000097b00000, 0x0000000097b00000, 0x0000000097c00000|  0%| F|  |TAMS 0x0000000097b00000, 0x0000000097b00000| Untracked 
| 330|0x0000000097c00000, 0x0000000097c00000, 0x0000000097d00000|  0%| F|  |TAMS 0x0000000097c00000, 0x0000000097c00000| Untracked 
| 331|0x0000000097d00000, 0x0000000097d00000, 0x0000000097e00000|  0%| F|  |TAMS 0x0000000097d00000, 0x0000000097d00000| Untracked 
| 332|0x0000000097e00000, 0x0000000097e00000, 0x0000000097f00000|  0%| F|  |TAMS 0x0000000097e00000, 0x0000000097e00000| Untracked 
| 333|0x0000000097f00000, 0x0000000097f00000, 0x0000000098000000|  0%| F|  |TAMS 0x0000000097f00000, 0x0000000097f00000| Untracked 
| 334|0x0000000098000000, 0x0000000098000000, 0x0000000098100000|  0%| F|  |TAMS 0x0000000098000000, 0x0000000098000000| Untracked 
| 335|0x0000000098100000, 0x0000000098100000, 0x0000000098200000|  0%| F|  |TAMS 0x0000000098100000, 0x0000000098100000| Untracked 
| 336|0x0000000098200000, 0x0000000098200000, 0x0000000098300000|  0%| F|  |TAMS 0x0000000098200000, 0x0000000098200000| Untracked 
| 337|0x0000000098300000, 0x0000000098300000, 0x0000000098400000|  0%| F|  |TAMS 0x0000000098300000, 0x0000000098300000| Untracked 
| 338|0x0000000098400000, 0x0000000098400000, 0x0000000098500000|  0%| F|  |TAMS 0x0000000098400000, 0x0000000098400000| Untracked 
| 339|0x0000000098500000, 0x0000000098500000, 0x0000000098600000|  0%| F|  |TAMS 0x0000000098500000, 0x0000000098500000| Untracked 
| 340|0x0000000098600000, 0x0000000098600000, 0x0000000098700000|  0%| F|  |TAMS 0x0000000098600000, 0x0000000098600000| Untracked 
| 341|0x0000000098700000, 0x0000000098700000, 0x0000000098800000|  0%| F|  |TAMS 0x0000000098700000, 0x0000000098700000| Untracked 
| 342|0x0000000098800000, 0x0000000098800000, 0x0000000098900000|  0%| F|  |TAMS 0x0000000098800000, 0x0000000098800000| Untracked 
| 343|0x0000000098900000, 0x0000000098900000, 0x0000000098a00000|  0%| F|  |TAMS 0x0000000098900000, 0x0000000098900000| Untracked 
| 344|0x0000000098a00000, 0x0000000098a00000, 0x0000000098b00000|  0%| F|  |TAMS 0x0000000098a00000, 0x0000000098a00000| Untracked 
| 345|0x0000000098b00000, 0x0000000098b00000, 0x0000000098c00000|  0%| F|  |TAMS 0x0000000098b00000, 0x0000000098b00000| Untracked 
| 346|0x0000000098c00000, 0x0000000098c00000, 0x0000000098d00000|  0%| F|  |TAMS 0x0000000098c00000, 0x0000000098c00000| Untracked 
| 347|0x0000000098d00000, 0x0000000098d00000, 0x0000000098e00000|  0%| F|  |TAMS 0x0000000098d00000, 0x0000000098d00000| Untracked 
| 348|0x0000000098e00000, 0x0000000098e00000, 0x0000000098f00000|  0%| F|  |TAMS 0x0000000098e00000, 0x0000000098e00000| Untracked 
| 349|0x0000000098f00000, 0x0000000098f00000, 0x0000000099000000|  0%| F|  |TAMS 0x0000000098f00000, 0x0000000098f00000| Untracked 
| 350|0x0000000099000000, 0x0000000099000000, 0x0000000099100000|  0%| F|  |TAMS 0x0000000099000000, 0x0000000099000000| Untracked 
| 351|0x0000000099100000, 0x0000000099100000, 0x0000000099200000|  0%| F|  |TAMS 0x0000000099100000, 0x0000000099100000| Untracked 
| 352|0x0000000099200000, 0x0000000099200000, 0x0000000099300000|  0%| F|  |TAMS 0x0000000099200000, 0x0000000099200000| Untracked 
| 353|0x0000000099300000, 0x0000000099300000, 0x0000000099400000|  0%| F|  |TAMS 0x0000000099300000, 0x0000000099300000| Untracked 
| 354|0x0000000099400000, 0x0000000099400000, 0x0000000099500000|  0%| F|  |TAMS 0x0000000099400000, 0x0000000099400000| Untracked 
| 355|0x0000000099500000, 0x0000000099500000, 0x0000000099600000|  0%| F|  |TAMS 0x0000000099500000, 0x0000000099500000| Untracked 
| 356|0x0000000099600000, 0x0000000099600000, 0x0000000099700000|  0%| F|  |TAMS 0x0000000099600000, 0x0000000099600000| Untracked 
| 357|0x0000000099700000, 0x0000000099700000, 0x0000000099800000|  0%| F|  |TAMS 0x0000000099700000, 0x0000000099700000| Untracked 
| 358|0x0000000099800000, 0x0000000099800000, 0x0000000099900000|  0%| F|  |TAMS 0x0000000099800000, 0x0000000099800000| Untracked 
| 359|0x0000000099900000, 0x0000000099900000, 0x0000000099a00000|  0%| F|  |TAMS 0x0000000099900000, 0x0000000099900000| Untracked 
| 360|0x0000000099a00000, 0x0000000099a6a330, 0x0000000099b00000| 41%| E|  |TAMS 0x0000000099a00000, 0x0000000099a00000| Complete 
| 361|0x0000000099b00000, 0x0000000099c00000, 0x0000000099c00000|100%| E|CS|TAMS 0x0000000099b00000, 0x0000000099b00000| Complete 
| 362|0x0000000099c00000, 0x0000000099d00000, 0x0000000099d00000|100%| E|CS|TAMS 0x0000000099c00000, 0x0000000099c00000| Complete 
| 363|0x0000000099d00000, 0x0000000099e00000, 0x0000000099e00000|100%| E|CS|TAMS 0x0000000099d00000, 0x0000000099d00000| Complete 
| 364|0x0000000099e00000, 0x0000000099f00000, 0x0000000099f00000|100%| E|CS|TAMS 0x0000000099e00000, 0x0000000099e00000| Complete 
| 365|0x0000000099f00000, 0x000000009a000000, 0x000000009a000000|100%| E|CS|TAMS 0x0000000099f00000, 0x0000000099f00000| Complete 
| 366|0x000000009a000000, 0x000000009a100000, 0x000000009a100000|100%| E|CS|TAMS 0x000000009a000000, 0x000000009a000000| Complete 
| 367|0x000000009a100000, 0x000000009a200000, 0x000000009a200000|100%| E|CS|TAMS 0x000000009a100000, 0x000000009a100000| Complete 
| 368|0x000000009a200000, 0x000000009a300000, 0x000000009a300000|100%| E|CS|TAMS 0x000000009a200000, 0x000000009a200000| Complete 

Card table byte_map: [0x0000020da64c0000,0x0000020da68b0000] _byte_map_base: 0x0000020da60a7000

Marking Bits (Prev, Next): (CMBitMap*) 0x0000020d8f292a70, (CMBitMap*) 0x0000020d8f292a30
 Prev Bits: [0x0000020da8be0000, 0x0000020daab18000)
 Next Bits: [0x0000020da6ca0000, 0x0000020da8bd8000)

Polling page: 0x0000020d8d1f0000

Metaspace:

Usage:
  Non-class:     26.64 MB used.
      Class:      3.83 MB used.
       Both:     30.47 MB used.

Virtual space:
  Non-class space:       64.00 MB reserved,      26.75 MB ( 42%) committed,  1 nodes.
      Class space:        1.00 GB reserved,       4.00 MB ( <1%) committed,  1 nodes.
             Both:        1.06 GB reserved,      30.75 MB (  3%) committed. 

Chunk freelists:
   Non-Class:  5.14 MB
       Class:  11.93 MB
        Both:  17.07 MB

MaxMetaspaceSize: unlimited
CompressedClassSpaceSize: 1.00 GB
Initial GC threshold: 21.00 MB
Current GC threshold: 50.94 MB
CDS: on
MetaspaceReclaimPolicy: balanced
 - commit_granule_bytes: 65536.
 - commit_granule_words: 8192.
 - virtual_space_node_default_size: 8388608.
 - enlarge_chunks_in_place: 1.
 - new_chunks_are_fully_committed: 0.
 - uncommit_free_chunks: 1.
 - use_allocation_guard: 0.
 - handle_deallocations: 1.


Internal statistics:

num_allocs_failed_limit: 0.
num_arena_births: 348.
num_arena_deaths: 0.
num_vsnodes_births: 2.
num_vsnodes_deaths: 0.
num_space_committed: 492.
num_space_uncommitted: 0.
num_chunks_returned_to_freelist: 0.
num_chunks_taken_from_freelist: 1289.
num_chunk_merges: 0.
num_chunk_splits: 857.
num_chunks_enlarged: 633.
num_inconsistent_stats: 0.

CodeHeap 'non-profiled nmethods': size=120000Kb used=4969Kb max_used=5527Kb free=115030Kb
 bounds [0x0000020d9e870000, 0x0000020d9ede0000, 0x0000020da5da0000]
CodeHeap 'profiled nmethods': size=120000Kb used=13642Kb max_used=15410Kb free=106357Kb
 bounds [0x0000020d96da0000, 0x0000020d97cc0000, 0x0000020d9e2d0000]
CodeHeap 'non-nmethods': size=5760Kb used=1564Kb max_used=1617Kb free=4195Kb
 bounds [0x0000020d9e2d0000, 0x0000020d9e540000, 0x0000020d9e870000]
 total_blobs=7806 nmethods=6873 adapters=844
 compilation: enabled
              stopped_count=0, restarted_count=0
 full_count=0

Compilation events (20 events):
Event: 75.498 Thread 0x0000020dad54ac00 8366       3       javafx.scene.effect.Effect::getKernelSize (30 bytes)
Event: 75.499 Thread 0x0000020dad54ac00 nmethod 8366 0x0000020d971e1910 code [0x0000020d971e1ac0, 0x0000020d971e1cc8]
Event: 75.499 Thread 0x0000020dad54ac00 8368       3       com.sun.javafx.sg.prism.NGRegion::setOpaqueInsets (26 bytes)
Event: 75.499 Thread 0x0000020dad54ac00 nmethod 8368 0x0000020d96fd2210 code [0x0000020d96fd23c0, 0x0000020d96fd2668]
Event: 75.499 Thread 0x0000020dad54ac00 8367       3       javafx.scene.layout.Region::getOpaqueInsets (22 bytes)
Event: 75.500 Thread 0x0000020dad54ac00 nmethod 8367 0x0000020d973b2b10 code [0x0000020d973b2ce0, 0x0000020d973b3168]
Event: 75.500 Thread 0x0000020dad54ac00 8369       3       com.sun.javafx.tk.Toolkit::getPaint (66 bytes)
Event: 75.500 Thread 0x0000020dad54ac00 nmethod 8369 0x0000020d973b0510 code [0x0000020d973b0760, 0x0000020d973b1298]
Event: 75.500 Thread 0x0000020dad54ac00 8370       3       com.sun.scenario.effect.impl.state.GaussianShadowState::checkRadius (24 bytes)
Event: 75.500 Thread 0x0000020dad54ac00 nmethod 8370 0x0000020d9709a190 code [0x0000020d9709a360, 0x0000020d9709a5e8]
Event: 75.500 Thread 0x0000020dad54ac00 8371       3       com.sun.scenario.effect.Effect::<init> (39 bytes)
Event: 75.500 Thread 0x0000020dad54ac00 nmethod 8371 0x0000020d9738f410 code [0x0000020d9738f5e0, 0x0000020d9738f9a8]
Event: 75.514 Thread 0x0000020df90a1010 nmethod 8347 0x0000020d9e9eea10 code [0x0000020d9e9eec20, 0x0000020d9e9efe08]
Event: 75.514 Thread 0x0000020df90a1010 8365       4       java.lang.Math::min (45 bytes)
Event: 75.515 Thread 0x0000020df90a1010 nmethod 8365 0x0000020d9e9ee690 code [0x0000020d9e9ee840, 0x0000020d9e9ee938]
Event: 75.515 Thread 0x0000020df90a1010 8364       4       javafx.scene.control.skin.LabeledSkinBase::computeMaxHeight (12 bytes)
Event: 75.516 Thread 0x0000020dad54ac00 8372       3       javafx.scene.layout.HBox::computeContentWidth (39 bytes)
Event: 75.516 Thread 0x0000020dad54ac00 nmethod 8372 0x0000020d9742ed10 code [0x0000020d9742efe0, 0x0000020d9742fd88]
Event: 75.517 Thread 0x0000020dad54ac00 8374       3       jdk.internal.misc.VM::initLevel (4 bytes)
Event: 75.517 Thread 0x0000020dad54ac00 nmethod 8374 0x0000020d96e6b090 code [0x0000020d96e6b220, 0x0000020d96e6b318]

GC Heap History (20 events):
Event: 22.511 GC heap before
{Heap before GC invocations=12 (full 0):
 garbage-first heap   total 186368K, used 94601K [0x0000000083200000, 0x0000000100000000)
  region size 1024K, 5 young (5120K), 4 survivors (4096K)
 Metaspace       used 27968K, committed 28224K, reserved 1114112K
  class space    used 3710K, committed 3840K, reserved 1048576K
}
Event: 22.513 GC heap after
{Heap after GC invocations=13 (full 0):
 garbage-first heap   total 186368K, used 94402K [0x0000000083200000, 0x0000000100000000)
  region size 1024K, 5 young (5120K), 5 survivors (5120K)
 Metaspace       used 27968K, committed 28224K, reserved 1114112K
  class space    used 3710K, committed 3840K, reserved 1048576K
}
Event: 22.658 GC heap before
{Heap before GC invocations=14 (full 0):
 garbage-first heap   total 186368K, used 102594K [0x0000000083200000, 0x0000000100000000)
  region size 1024K, 13 young (13312K), 5 survivors (5120K)
 Metaspace       used 28418K, committed 28736K, reserved 1114112K
  class space    used 3772K, committed 3904K, reserved 1048576K
}
Event: 22.662 GC heap after
{Heap after GC invocations=15 (full 0):
 garbage-first heap   total 224256K, used 94598K [0x0000000083200000, 0x0000000100000000)
  region size 1024K, 5 young (5120K), 5 survivors (5120K)
 Metaspace       used 28418K, committed 28736K, reserved 1114112K
  class space    used 3772K, committed 3904K, reserved 1048576K
}
Event: 23.200 GC heap before
{Heap before GC invocations=15 (full 0):
 garbage-first heap   total 224256K, used 151942K [0x0000000083200000, 0x0000000100000000)
  region size 1024K, 16 young (16384K), 5 survivors (5120K)
 Metaspace       used 28989K, committed 29312K, reserved 1114112K
  class space    used 3838K, committed 3968K, reserved 1048576K
}
Event: 23.203 GC heap after
{Heap after GC invocations=16 (full 0):
 garbage-first heap   total 224256K, used 143965K [0x0000000083200000, 0x0000000100000000)
  region size 1024K, 7 young (7168K), 7 survivors (7168K)
 Metaspace       used 28989K, committed 29312K, reserved 1114112K
  class space    used 3838K, committed 3968K, reserved 1048576K
}
Event: 32.083 GC heap before
{Heap before GC invocations=17 (full 0):
 garbage-first heap   total 242688K, used 178781K [0x0000000083200000, 0x0000000100000000)
  region size 1024K, 41 young (41984K), 7 survivors (7168K)
 Metaspace       used 29516K, committed 29824K, reserved 1114112K
  class space    used 3851K, committed 4032K, reserved 1048576K
}
Event: 32.089 GC heap after
{Heap after GC invocations=18 (full 0):
 garbage-first heap   total 242688K, used 144681K [0x0000000083200000, 0x0000000100000000)
  region size 1024K, 4 young (4096K), 4 survivors (4096K)
 Metaspace       used 29516K, committed 29824K, reserved 1114112K
  class space    used 3851K, committed 4032K, reserved 1048576K
}
Event: 35.084 GC heap before
{Heap before GC invocations=18 (full 0):
 garbage-first heap   total 242688K, used 155945K [0x0000000083200000, 0x0000000100000000)
  region size 1024K, 16 young (16384K), 4 survivors (4096K)
 Metaspace       used 29768K, committed 30080K, reserved 1114112K
  class space    used 3869K, committed 4032K, reserved 1048576K
}
Event: 35.087 GC heap after
{Heap after GC invocations=19 (full 0):
 garbage-first heap   total 242688K, used 145045K [0x0000000083200000, 0x0000000100000000)
  region size 1024K, 4 young (4096K), 4 survivors (4096K)
 Metaspace       used 29768K, committed 30080K, reserved 1114112K
  class space    used 3869K, committed 4032K, reserved 1048576K
}
Event: 44.794 GC heap before
{Heap before GC invocations=20 (full 0):
 garbage-first heap   total 242688K, used 215701K [0x0000000083200000, 0x0000000100000000)
  region size 1024K, 52 young (53248K), 4 survivors (4096K)
 Metaspace       used 30615K, committed 30912K, reserved 1114112K
  class space    used 3917K, committed 4032K, reserved 1048576K
}
Event: 44.798 GC heap after
{Heap after GC invocations=21 (full 0):
 garbage-first heap   total 242688K, used 103826K [0x0000000083200000, 0x0000000100000000)
  region size 1024K, 7 young (7168K), 7 survivors (7168K)
 Metaspace       used 30615K, committed 30912K, reserved 1114112K
  class space    used 3917K, committed 4032K, reserved 1048576K
}
Event: 44.824 GC heap before
{Heap before GC invocations=21 (full 0):
 garbage-first heap   total 242688K, used 107922K [0x0000000083200000, 0x0000000100000000)
  region size 1024K, 11 young (11264K), 7 survivors (7168K)
 Metaspace       used 30644K, committed 30912K, reserved 1114112K
  class space    used 3917K, committed 4032K, reserved 1048576K
}
Event: 44.829 GC heap after
{Heap after GC invocations=22 (full 0):
 garbage-first heap   total 242688K, used 103806K [0x0000000083200000, 0x0000000100000000)
  region size 1024K, 2 young (2048K), 2 survivors (2048K)
 Metaspace       used 30644K, committed 30912K, reserved 1114112K
  class space    used 3917K, committed 4032K, reserved 1048576K
}
Event: 52.372 GC heap before
{Heap before GC invocations=22 (full 0):
 garbage-first heap   total 242688K, used 144766K [0x0000000083200000, 0x0000000100000000)
  region size 1024K, 38 young (38912K), 2 survivors (2048K)
 Metaspace       used 30980K, committed 31296K, reserved 1114112K
  class space    used 3921K, committed 4096K, reserved 1048576K
}
Event: 52.375 GC heap after
{Heap after GC invocations=23 (full 0):
 garbage-first heap   total 242688K, used 112638K [0x0000000083200000, 0x0000000100000000)
  region size 1024K, 6 young (6144K), 6 survivors (6144K)
 Metaspace       used 30980K, committed 31296K, reserved 1114112K
  class space    used 3921K, committed 4096K, reserved 1048576K
}
Event: 52.391 GC heap before
{Heap before GC invocations=23 (full 0):
 garbage-first heap   total 242688K, used 115710K [0x0000000083200000, 0x0000000100000000)
  region size 1024K, 7 young (7168K), 6 survivors (6144K)
 Metaspace       used 30985K, committed 31296K, reserved 1114112K
  class space    used 3921K, committed 4096K, reserved 1048576K
}
Event: 52.394 GC heap after
{Heap after GC invocations=24 (full 0):
 garbage-first heap   total 242688K, used 115758K [0x0000000083200000, 0x0000000100000000)
  region size 1024K, 6 young (6144K), 6 survivors (6144K)
 Metaspace       used 30985K, committed 31296K, reserved 1114112K
  class space    used 3921K, committed 4096K, reserved 1048576K
}
Event: 75.237 GC heap before
{Heap before GC invocations=25 (full 0):
 garbage-first heap   total 242688K, used 224302K [0x0000000083200000, 0x0000000100000000)
  region size 1024K, 71 young (72704K), 6 survivors (6144K)
 Metaspace       used 31160K, committed 31488K, reserved 1114112K
  class space    used 3923K, committed 4096K, reserved 1048576K
}
Event: 75.243 GC heap after
{Heap after GC invocations=26 (full 0):
 garbage-first heap   total 377856K, used 144730K [0x0000000083200000, 0x0000000100000000)
  region size 1024K, 9 young (9216K), 9 survivors (9216K)
 Metaspace       used 31160K, committed 31488K, reserved 1114112K
  class space    used 3923K, committed 4096K, reserved 1048576K
}

Dll operation events (20 events):
Event: 1.047 Loaded shared library C:\Users\STAR\.openjfx\cache\21.0.2+5\amd64\api-ms-win-crt-private-l1-1-0.dll
Event: 1.057 Loaded shared library C:\Users\STAR\.openjfx\cache\21.0.2+5\amd64\api-ms-win-crt-process-l1-1-0.dll
Event: 1.082 Loaded shared library C:\Users\STAR\.openjfx\cache\21.0.2+5\amd64\api-ms-win-crt-runtime-l1-1-0.dll
Event: 1.088 Loaded shared library C:\Users\STAR\.openjfx\cache\21.0.2+5\amd64\api-ms-win-crt-stdio-l1-1-0.dll
Event: 1.131 Loaded shared library C:\Users\STAR\.openjfx\cache\21.0.2+5\amd64\api-ms-win-crt-string-l1-1-0.dll
Event: 1.136 Loaded shared library C:\Users\STAR\.openjfx\cache\21.0.2+5\amd64\api-ms-win-crt-time-l1-1-0.dll
Event: 1.141 Loaded shared library C:\Users\STAR\.openjfx\cache\21.0.2+5\amd64\api-ms-win-crt-utility-l1-1-0.dll
Event: 1.167 Loaded shared library C:\Users\STAR\.openjfx\cache\21.0.2+5\amd64\ucrtbase.dll
Event: 1.205 Loaded shared library C:\Users\STAR\.openjfx\cache\21.0.2+5\amd64\vcruntime140.dll
Event: 1.213 Loaded shared library C:\Users\STAR\.openjfx\cache\21.0.2+5\amd64\vcruntime140_1.dll
Event: 1.230 Loaded shared library C:\Users\STAR\.openjfx\cache\21.0.2+5\amd64\msvcp140.dll
Event: 1.236 Loaded shared library C:\Users\STAR\.openjfx\cache\21.0.2+5\amd64\msvcp140_1.dll
Event: 1.246 Loaded shared library C:\Users\STAR\.openjfx\cache\21.0.2+5\amd64\msvcp140_2.dll
Event: 1.319 Loaded shared library C:\Users\STAR\.openjfx\cache\21.0.2+5\amd64\prism_d3d.dll
Event: 1.502 Loaded shared library C:\Users\STAR\.openjfx\cache\21.0.2+5\amd64\glass.dll
Event: 1.740 Loaded shared library C:\Program Files\Eclipse Adoptium\jdk-17.0.18.8-hotspot\bin\jimage.dll
Event: 2.033 Loaded shared library C:\Program Files\Eclipse Adoptium\jdk-17.0.18.8-hotspot\bin\extnet.dll
Event: 2.220 Loaded shared library C:\Program Files\Eclipse Adoptium\jdk-17.0.18.8-hotspot\bin\sunmscapi.dll
Event: 3.436 Loaded shared library C:\Users\STAR\.openjfx\cache\21.0.2+5\amd64\javafx_font.dll
Event: 4.428 Loaded shared library C:\Users\STAR\.openjfx\cache\21.0.2+5\amd64\javafx_iio.dll

Deoptimization events (20 events):
Event: 75.470 Thread 0x0000020df3388db0 DEOPT PACKING pc=0x0000020d9e8eb644 sp=0x0000003f905fd9a0
Event: 75.470 Thread 0x0000020df3388db0 DEOPT UNPACKING pc=0x0000020d9e32a1a3 sp=0x0000003f905fd938 mode 2
Event: 75.470 Thread 0x0000020df3388db0 Uncommon trap: trap_request=0xffffff45 fr.pc=0x0000020d9e8eb61c relative=0x000000000000007c
Event: 75.470 Thread 0x0000020df3388db0 Uncommon trap: reason=unstable_if action=reinterpret pc=0x0000020d9e8eb61c method=com.sun.javafx.scene.control.inputmap.InputMap$Mapping.equals(Ljava/lang/Object;)Z @ 2 c2
Event: 75.470 Thread 0x0000020df3388db0 DEOPT PACKING pc=0x0000020d9e8eb61c sp=0x0000003f905fd9a0
Event: 75.470 Thread 0x0000020df3388db0 DEOPT UNPACKING pc=0x0000020d9e32a1a3 sp=0x0000003f905fd930 mode 2
Event: 75.494 Thread 0x0000020df3388db0 Uncommon trap: trap_request=0xffffff6e fr.pc=0x0000020d9ea0acac relative=0x0000000000001d8c
Event: 75.494 Thread 0x0000020df3388db0 Uncommon trap: reason=loop_limit_check action=maybe_recompile pc=0x0000020d9ea0acac method=com.sun.javafx.text.PrismTextLayout.computeSideBearings(Lcom/sun/javafx/text/TextLine;)V @ 277 c2
Event: 75.494 Thread 0x0000020df3388db0 DEOPT PACKING pc=0x0000020d9ea0acac sp=0x0000003f905fcff0
Event: 75.494 Thread 0x0000020df3388db0 DEOPT UNPACKING pc=0x0000020d9e32a1a3 sp=0x0000003f905fcfa0 mode 2
Event: 75.516 Thread 0x0000020df32b7890 Uncommon trap: trap_request=0xfffffff4 fr.pc=0x0000020d9ec059c4 relative=0x0000000000000704
Event: 75.516 Thread 0x0000020df32b7890 Uncommon trap: reason=null_check action=make_not_entrant pc=0x0000020d9ec059c4 method=com.sun.prism.impl.ps.BaseShaderGraphics.drawTexture(Lcom/sun/prism/Texture;FFFFFFFF)V @ 1 c2
Event: 75.516 Thread 0x0000020df32b7890 DEOPT PACKING pc=0x0000020d9ec059c4 sp=0x0000003f901fd2b0
Event: 75.516 Thread 0x0000020df32b7890 DEOPT UNPACKING pc=0x0000020d9e32a1a3 sp=0x0000003f901fd1a0 mode 2
Event: 75.517 Thread 0x0000020df32b7890 DEOPT PACKING pc=0x0000020d974c1277 sp=0x0000003f901fe340
Event: 75.517 Thread 0x0000020df32b7890 DEOPT UNPACKING pc=0x0000020d9e32ace3 sp=0x0000003f901fd7b0 mode 0
Event: 75.518 Thread 0x0000020df32b7890 Uncommon trap: trap_request=0xffffff45 fr.pc=0x0000020d9ed7cf2c relative=0x000000000000026c
Event: 75.518 Thread 0x0000020df32b7890 Uncommon trap: reason=unstable_if action=reinterpret pc=0x0000020d9ed7cf2c method=com.sun.prism.impl.BaseResourcePool.freeDisposalRequestedAndCheckResources(Z)V @ 71 c2
Event: 75.518 Thread 0x0000020df32b7890 DEOPT PACKING pc=0x0000020d9ed7cf2c sp=0x0000003f901fea40
Event: 75.518 Thread 0x0000020df32b7890 DEOPT UNPACKING pc=0x0000020d9e32a1a3 sp=0x0000003f901fe9f0 mode 2

Classes loaded (20 events):
Event: 23.128 Loading class sun/util/resources/ParallelListResourceBundle
Event: 23.129 Loading class sun/util/resources/ParallelListResourceBundle done
Event: 23.204 Loading class java/lang/FdLibm$Cbrt
Event: 23.204 Loading class java/lang/FdLibm$Cbrt done
Event: 25.266 Loading class jdk/internal/access/foreign/MemorySegmentProxy
Event: 25.266 Loading class jdk/internal/access/foreign/MemorySegmentProxy done
Event: 35.105 Loading class java/util/stream/ReduceOps$5
Event: 35.105 Loading class java/util/stream/ReduceOps$5 done
Event: 35.106 Loading class java/util/stream/ReduceOps$CountingSink$OfRef
Event: 35.106 Loading class java/util/stream/ReduceOps$CountingSink
Event: 35.106 Loading class java/util/stream/ReduceOps$CountingSink done
Event: 35.106 Loading class java/util/stream/ReduceOps$CountingSink$OfRef done
Event: 42.427 Loading class java/text/ChoiceFormat
Event: 42.427 Loading class java/text/ChoiceFormat done
Event: 42.427 Loading class java/text/FieldPosition$Delegate
Event: 42.428 Loading class java/text/FieldPosition$Delegate done
Event: 75.516 Loading class java/lang/Throwable$WrappedPrintStream
Event: 75.516 Loading class java/lang/Throwable$PrintStreamOrWriter
Event: 75.516 Loading class java/lang/Throwable$PrintStreamOrWriter done
Event: 75.517 Loading class java/lang/Throwable$WrappedPrintStream done

Classes unloaded (0 events):
No events

Classes redefined (0 events):
No events

Internal exceptions (20 events):
Event: 38.097 Thread 0x0000020df32b7890 Implicit null exception at 0x0000020d9eb11b90 to 0x0000020d9eb13eec
Event: 42.384 Thread 0x0000020df3388db0 Exception <a 'java/lang/NoSuchMethodError'{0x000000008f2e2ef8}: 'int java.lang.invoke.DirectMethodHandle$Holder.invokeSpecial(java.lang.Object, java.lang.Object, java.lang.Object)'> (0x000000008f2e2ef8) 
thrown [s\src\hotspot\share\interpreter\linkResolver.cpp, line 759]
Event: 42.414 Thread 0x0000020df3388db0 Exception <a 'java/io/FileNotFoundException'{0x000000008f11bd00}> (0x000000008f11bd00) 
thrown [s\src\hotspot\share\prims\jni.cpp, line 516]
Event: 42.417 Thread 0x0000020df3388db0 Exception <a 'java/io/FileNotFoundException'{0x000000008f175060}> (0x000000008f175060) 
thrown [s\src\hotspot\share\prims\jni.cpp, line 516]
Event: 44.811 Thread 0x0000020df3388db0 Exception <a 'java/io/FileNotFoundException'{0x0000000091d1a328}> (0x0000000091d1a328) 
thrown [s\src\hotspot\share\prims\jni.cpp, line 516]
Event: 44.812 Thread 0x0000020df3388db0 Exception <a 'java/io/FileNotFoundException'{0x0000000091d55768}> (0x0000000091d55768) 
thrown [s\src\hotspot\share\prims\jni.cpp, line 516]
Event: 47.850 Thread 0x0000020df3388db0 Exception <a 'java/io/FileNotFoundException'{0x0000000090552018}> (0x0000000090552018) 
thrown [s\src\hotspot\share\prims\jni.cpp, line 516]
Event: 47.852 Thread 0x0000020df3388db0 Exception <a 'java/io/FileNotFoundException'{0x00000000905ab3d0}> (0x00000000905ab3d0) 
thrown [s\src\hotspot\share\prims\jni.cpp, line 516]
Event: 52.456 Thread 0x0000020df3388db0 Exception <a 'java/io/FileNotFoundException'{0x0000000091e449d8}> (0x0000000091e449d8) 
thrown [s\src\hotspot\share\prims\jni.cpp, line 516]
Event: 52.458 Thread 0x0000020df3388db0 Exception <a 'java/io/FileNotFoundException'{0x0000000091eb4d70}> (0x0000000091eb4d70) 
thrown [s\src\hotspot\share\prims\jni.cpp, line 516]
Event: 52.490 Thread 0x0000020df32b7890 Implicit null exception at 0x0000020d9ed692a6 to 0x0000020d9ed6945c
Event: 52.490 Thread 0x0000020df32b7890 Implicit null exception at 0x0000020d9eb069ac to 0x0000020d9eb06a30
Event: 52.490 Thread 0x0000020df32b7890 Implicit null exception at 0x0000020d9eb1745b to 0x0000020d9eb174cc
Event: 54.635 Thread 0x0000020df3388db0 Exception <a 'java/io/FileNotFoundException'{0x0000000090fc7728}> (0x0000000090fc7728) 
thrown [s\src\hotspot\share\prims\jni.cpp, line 516]
Event: 54.636 Thread 0x0000020df3388db0 Exception <a 'java/io/FileNotFoundException'{0x0000000090e01b78}> (0x0000000090e01b78) 
thrown [s\src\hotspot\share\prims\jni.cpp, line 516]
Event: 75.458 Thread 0x0000020df3388db0 Exception <a 'java/io/FileNotFoundException'{0x000000009a2d0060}> (0x000000009a2d0060) 
thrown [s\src\hotspot\share\prims\jni.cpp, line 516]
Event: 75.460 Thread 0x0000020df3388db0 Exception <a 'java/io/FileNotFoundException'{0x000000009a10d330}> (0x000000009a10d330) 
thrown [s\src\hotspot\share\prims\jni.cpp, line 516]
Event: 75.516 Thread 0x0000020df32b7890 Implicit null exception at 0x0000020d9ec053bd to 0x0000020d9ec05988
Event: 75.516 Thread 0x0000020df32b7890 Implicit null exception at 0x0000020d9790fe00 to 0x0000020d979107b3
Event: 75.516 Thread 0x0000020df32b7890 Exception <a 'java/lang/NullPointerException'{0x0000000099a38b08}> (0x0000000099a38b08) 
thrown [s\src\hotspot\share\runtime\sharedRuntime.cpp, line 631]

VM Operations (20 events):
Event: 60.962 Executing VM operation: Cleanup
Event: 60.962 Executing VM operation: Cleanup done
Event: 61.070 Executing VM operation: HandshakeAllThreads
Event: 61.070 Executing VM operation: HandshakeAllThreads done
Event: 61.179 Executing VM operation: HandshakeAllThreads
Event: 61.179 Executing VM operation: HandshakeAllThreads done
Event: 62.179 Executing VM operation: Cleanup
Event: 62.179 Executing VM operation: Cleanup done
Event: 63.179 Executing VM operation: Cleanup
Event: 63.179 Executing VM operation: Cleanup done
Event: 64.180 Executing VM operation: Cleanup
Event: 64.180 Executing VM operation: Cleanup done
Event: 72.183 Executing VM operation: Cleanup
Event: 72.183 Executing VM operation: Cleanup done
Event: 73.183 Executing VM operation: Cleanup
Event: 73.183 Executing VM operation: Cleanup done
Event: 75.184 Executing VM operation: Cleanup
Event: 75.184 Executing VM operation: Cleanup done
Event: 75.236 Executing VM operation: G1CollectForAllocation
Event: 75.243 Executing VM operation: G1CollectForAllocation done

Memory protections (0 events):
No events

Nmethod flushes (20 events):
Event: 61.186 Thread 0x0000020dad54b600 flushing  nmethod 0x0000020d97920410
Event: 61.186 Thread 0x0000020dad54b600 flushing  nmethod 0x0000020d97952110
Event: 61.186 Thread 0x0000020dad54b600 flushing  nmethod 0x0000020d9796f010
Event: 61.186 Thread 0x0000020dad54b600 flushing  nmethod 0x0000020d9796f510
Event: 61.186 Thread 0x0000020dad54b600 flushing  nmethod 0x0000020d97975010
Event: 61.187 Thread 0x0000020dad54b600 flushing  nmethod 0x0000020d9798ef90
Event: 61.187 Thread 0x0000020dad54b600 flushing  nmethod 0x0000020d9798f490
Event: 61.187 Thread 0x0000020dad54b600 flushing  nmethod 0x0000020d979cea90
Event: 61.187 Thread 0x0000020dad54b600 flushing  nmethod 0x0000020d979ddf90
Event: 61.187 Thread 0x0000020dad54b600 flushing  nmethod 0x0000020d97a0a310
Event: 61.187 Thread 0x0000020dad54b600 flushing  nmethod 0x0000020d97a0f890
Event: 61.187 Thread 0x0000020dad54b600 flushing  nmethod 0x0000020d97a13590
Event: 61.187 Thread 0x0000020dad54b600 flushing  nmethod 0x0000020d97a17090
Event: 61.187 Thread 0x0000020dad54b600 flushing  nmethod 0x0000020d97a19d10
Event: 61.187 Thread 0x0000020dad54b600 flushing  nmethod 0x0000020d97a56990
Event: 61.187 Thread 0x0000020dad54b600 flushing  nmethod 0x0000020d97a5e090
Event: 61.187 Thread 0x0000020dad54b600 flushing  nmethod 0x0000020d97a60290
Event: 61.187 Thread 0x0000020dad54b600 flushing  nmethod 0x0000020d97a8e010
Event: 61.187 Thread 0x0000020dad54b600 flushing  nmethod 0x0000020d97b05d90
Event: 61.187 Thread 0x0000020dad54b600 flushing  nmethod 0x0000020d97bc2910

Events (20 events):
Event: 42.357 Thread 0x0000020df909f030 Thread exited: 0x0000020df909f030
Event: 42.425 Thread 0x0000020dad54ac00 Thread added: 0x0000020df909f030
Event: 42.445 Thread 0x0000020dad54ac00 Thread added: 0x0000020df909fad0
Event: 42.940 Thread 0x0000020df909fad0 Thread exited: 0x0000020df909fad0
Event: 42.940 Thread 0x0000020df909f030 Thread exited: 0x0000020df909f030
Event: 44.829 Thread 0x0000020dad54ac00 Thread added: 0x0000020df909fad0
Event: 44.829 Thread 0x0000020dad54ac00 Thread added: 0x0000020df909f030
Event: 45.440 Thread 0x0000020df909f030 Thread exited: 0x0000020df909f030
Event: 46.221 Thread 0x0000020df909fad0 Thread exited: 0x0000020df909fad0
Event: 47.611 Thread 0x0000020dad54ac00 Thread added: 0x0000020df909fad0
Event: 47.616 Thread 0x0000020df909fad0 Thread added: 0x0000020df909f030
Event: 47.811 Thread 0x0000020df909f030 Thread exited: 0x0000020df909f030
Event: 47.857 Thread 0x0000020dad54ac00 Thread added: 0x0000020df909f030
Event: 48.594 Thread 0x0000020df909f030 Thread exited: 0x0000020df909f030
Event: 48.924 Thread 0x0000020df909fad0 Thread exited: 0x0000020df909fad0
Event: 52.461 Thread 0x0000020dad54ac00 Thread added: 0x0000020df909fad0
Event: 52.872 Thread 0x0000020df909fad0 Thread exited: 0x0000020df909fad0
Event: 54.587 Thread 0x0000020dad54ac00 Thread added: 0x0000020df90a0570
Event: 55.045 Thread 0x0000020df90a0570 Thread exited: 0x0000020df90a0570
Event: 75.488 Thread 0x0000020dad54ac00 Thread added: 0x0000020df90a1010


Dynamic libraries:
0x00007ff680280000 - 0x00007ff68028e000 	C:\Program Files\Eclipse Adoptium\jdk-17.0.18.8-hotspot\bin\java.exe
0x00007fff3d830000 - 0x00007fff3da28000 	C:\WINDOWS\SYSTEM32\ntdll.dll
0x00007fff3cf90000 - 0x00007fff3d052000 	C:\WINDOWS\System32\KERNEL32.DLL
0x00007fff3b370000 - 0x00007fff3b666000 	C:\WINDOWS\System32\KERNELBASE.dll
0x00007fff3aec0000 - 0x00007fff3afc0000 	C:\WINDOWS\System32\ucrtbase.dll
0x00007fff36b60000 - 0x00007fff36b7e000 	C:\Program Files\Eclipse Adoptium\jdk-17.0.18.8-hotspot\bin\VCRUNTIME140.dll
0x00007fff36b40000 - 0x00007fff36b58000 	C:\Program Files\Eclipse Adoptium\jdk-17.0.18.8-hotspot\bin\jli.dll
0x00007fff3d2e0000 - 0x00007fff3d481000 	C:\WINDOWS\System32\USER32.dll
0x00007fff3b050000 - 0x00007fff3b072000 	C:\WINDOWS\System32\win32u.dll
0x00007fff25c50000 - 0x00007fff25eeb000 	C:\WINDOWS\WinSxS\amd64_microsoft.windows.common-controls_6595b64144ccf1df_6.0.19041.6456_none_60b8a6cb71f64256\COMCTL32.dll
0x00007fff3d240000 - 0x00007fff3d2de000 	C:\WINDOWS\System32\msvcrt.dll
0x00007fff3cf60000 - 0x00007fff3cf8b000 	C:\WINDOWS\System32\GDI32.dll
0x00007fff3b080000 - 0x00007fff3b199000 	C:\WINDOWS\System32\gdi32full.dll
0x00007fff3b2d0000 - 0x00007fff3b36d000 	C:\WINDOWS\System32\msvcp_win.dll
0x00007fff3d060000 - 0x00007fff3d08f000 	C:\WINDOWS\System32\IMM32.DLL
0x00007fff36b30000 - 0x00007fff36b3c000 	C:\Program Files\Eclipse Adoptium\jdk-17.0.18.8-hotspot\bin\vcruntime140_1.dll
0x00007fff25f00000 - 0x00007fff25f8d000 	C:\Program Files\Eclipse Adoptium\jdk-17.0.18.8-hotspot\bin\msvcp140.dll
0x00007ffeea320000 - 0x00007ffeeaf8b000 	C:\Program Files\Eclipse Adoptium\jdk-17.0.18.8-hotspot\bin\server\jvm.dll
0x00007fff3cd50000 - 0x00007fff3ce01000 	C:\WINDOWS\System32\ADVAPI32.dll
0x00007fff3c290000 - 0x00007fff3c32f000 	C:\WINDOWS\System32\sechost.dll
0x00007fff3c170000 - 0x00007fff3c290000 	C:\WINDOWS\System32\RPCRT4.dll
0x00007fff3b670000 - 0x00007fff3b697000 	C:\WINDOWS\System32\bcrypt.dll
0x00007fff3c100000 - 0x00007fff3c16b000 	C:\WINDOWS\System32\WS2_32.dll
0x00007fff3a450000 - 0x00007fff3a49b000 	C:\WINDOWS\SYSTEM32\POWRPROF.dll
0x00007fff26f80000 - 0x00007fff26fa7000 	C:\WINDOWS\SYSTEM32\WINMM.dll
0x00007fff32b80000 - 0x00007fff32b8a000 	C:\WINDOWS\SYSTEM32\VERSION.dll
0x00007fff3a2c0000 - 0x00007fff3a2d2000 	C:\WINDOWS\SYSTEM32\UMPDC.dll
0x00007fff38ef0000 - 0x00007fff38f02000 	C:\WINDOWS\SYSTEM32\kernel.appcore.dll
0x00007fff36b20000 - 0x00007fff36b2a000 	C:\Program Files\Eclipse Adoptium\jdk-17.0.18.8-hotspot\bin\jimage.dll
0x00007fff38a90000 - 0x00007fff38c91000 	C:\WINDOWS\SYSTEM32\DBGHELP.DLL
0x00007fff22e70000 - 0x00007fff22ea4000 	C:\WINDOWS\SYSTEM32\dbgcore.DLL
0x00007fff3afc0000 - 0x00007fff3b042000 	C:\WINDOWS\System32\bcryptPrimitives.dll
0x00007fff30010000 - 0x00007fff30035000 	C:\Program Files\Eclipse Adoptium\jdk-17.0.18.8-hotspot\bin\java.dll
0x00007fff1e350000 - 0x00007fff1e427000 	C:\Program Files\Eclipse Adoptium\jdk-17.0.18.8-hotspot\bin\jsvml.dll
0x00007fff3c4b0000 - 0x00007fff3cc20000 	C:\WINDOWS\System32\SHELL32.dll
0x00007fff38f30000 - 0x00007fff396d5000 	C:\WINDOWS\SYSTEM32\windows.storage.dll
0x00007fff3d490000 - 0x00007fff3d7e4000 	C:\WINDOWS\System32\combase.dll
0x00007fff3a8f0000 - 0x00007fff3a91b000 	C:\WINDOWS\SYSTEM32\Wldp.dll
0x00007fff3cc80000 - 0x00007fff3cd4d000 	C:\WINDOWS\System32\OLEAUT32.dll
0x00007fff3bf10000 - 0x00007fff3bfbd000 	C:\WINDOWS\System32\SHCORE.dll
0x00007fff3cc20000 - 0x00007fff3cc7b000 	C:\WINDOWS\System32\shlwapi.dll
0x00007fff3adf0000 - 0x00007fff3ae14000 	C:\WINDOWS\SYSTEM32\profapi.dll
0x00007fff36b00000 - 0x00007fff36b1a000 	C:\Program Files\Eclipse Adoptium\jdk-17.0.18.8-hotspot\bin\net.dll
0x00007fff37160000 - 0x00007fff3726a000 	C:\WINDOWS\SYSTEM32\WINHTTP.dll
0x00007fff3a650000 - 0x00007fff3a6ba000 	C:\WINDOWS\system32\mswsock.dll
0x00007fff320b0000 - 0x00007fff320c6000 	C:\Program Files\Eclipse Adoptium\jdk-17.0.18.8-hotspot\bin\nio.dll
0x00007fff2fff0000 - 0x00007fff30008000 	C:\Program Files\Eclipse Adoptium\jdk-17.0.18.8-hotspot\bin\zip.dll
0x0000020d8d230000 - 0x0000020d8d233000 	C:\Users\STAR\.openjfx\cache\21.0.2+5\amd64\api-ms-win-core-console-l1-1-0.dll
0x0000020d8f1b0000 - 0x0000020d8f1b3000 	C:\Users\STAR\.openjfx\cache\21.0.2+5\amd64\api-ms-win-core-console-l1-2-0.dll
0x0000020d8f1c0000 - 0x0000020d8f1c3000 	C:\Users\STAR\.openjfx\cache\21.0.2+5\amd64\api-ms-win-core-datetime-l1-1-0.dll
0x0000020d8f1d0000 - 0x0000020d8f1d3000 	C:\Users\STAR\.openjfx\cache\21.0.2+5\amd64\api-ms-win-core-debug-l1-1-0.dll
0x0000020d8f1e0000 - 0x0000020d8f1e3000 	C:\Users\STAR\.openjfx\cache\21.0.2+5\amd64\api-ms-win-core-errorhandling-l1-1-0.dll
0x0000020dadad0000 - 0x0000020dadad4000 	C:\Users\STAR\.openjfx\cache\21.0.2+5\amd64\api-ms-win-core-file-l1-1-0.dll
0x0000020dadae0000 - 0x0000020dadae3000 	C:\Users\STAR\.openjfx\cache\21.0.2+5\amd64\api-ms-win-core-file-l1-2-0.dll
0x0000020dadaf0000 - 0x0000020dadaf3000 	C:\Users\STAR\.openjfx\cache\21.0.2+5\amd64\api-ms-win-core-file-l2-1-0.dll
0x0000020dadb00000 - 0x0000020dadb03000 	C:\Users\STAR\.openjfx\cache\21.0.2+5\amd64\api-ms-win-core-handle-l1-1-0.dll
0x0000020dadb10000 - 0x0000020dadb13000 	C:\Users\STAR\.openjfx\cache\21.0.2+5\amd64\api-ms-win-core-heap-l1-1-0.dll
0x0000020dadb20000 - 0x0000020dadb23000 	C:\Users\STAR\.openjfx\cache\21.0.2+5\amd64\api-ms-win-core-interlocked-l1-1-0.dll
0x0000020dadb30000 - 0x0000020dadb33000 	C:\Users\STAR\.openjfx\cache\21.0.2+5\amd64\api-ms-win-core-libraryloader-l1-1-0.dll
0x0000020dadb40000 - 0x0000020dadb43000 	C:\Users\STAR\.openjfx\cache\21.0.2+5\amd64\api-ms-win-core-localization-l1-2-0.dll
0x0000020dadb50000 - 0x0000020dadb53000 	C:\Users\STAR\.openjfx\cache\21.0.2+5\amd64\api-ms-win-core-memory-l1-1-0.dll
0x0000020dadb60000 - 0x0000020dadb63000 	C:\Users\STAR\.openjfx\cache\21.0.2+5\amd64\api-ms-win-core-namedpipe-l1-1-0.dll
0x0000020dadb70000 - 0x0000020dadb73000 	C:\Users\STAR\.openjfx\cache\21.0.2+5\amd64\api-ms-win-core-processenvironment-l1-1-0.dll
0x0000020dadb80000 - 0x0000020dadb83000 	C:\Users\STAR\.openjfx\cache\21.0.2+5\amd64\api-ms-win-core-processthreads-l1-1-0.dll
0x0000020dadb90000 - 0x0000020dadb93000 	C:\Users\STAR\.openjfx\cache\21.0.2+5\amd64\api-ms-win-core-processthreads-l1-1-1.dll
0x0000020dadba0000 - 0x0000020dadba3000 	C:\Users\STAR\.openjfx\cache\21.0.2+5\amd64\api-ms-win-core-profile-l1-1-0.dll
0x0000020dadbb0000 - 0x0000020dadbb3000 	C:\Users\STAR\.openjfx\cache\21.0.2+5\amd64\api-ms-win-core-rtlsupport-l1-1-0.dll
0x0000020dadbc0000 - 0x0000020dadbc3000 	C:\Users\STAR\.openjfx\cache\21.0.2+5\amd64\api-ms-win-core-string-l1-1-0.dll
0x0000020dadbd0000 - 0x0000020dadbd3000 	C:\Users\STAR\.openjfx\cache\21.0.2+5\amd64\api-ms-win-core-synch-l1-1-0.dll
0x0000020dadbe0000 - 0x0000020dadbe3000 	C:\Users\STAR\.openjfx\cache\21.0.2+5\amd64\api-ms-win-core-synch-l1-2-0.dll
0x0000020dadbf0000 - 0x0000020dadbf3000 	C:\Users\STAR\.openjfx\cache\21.0.2+5\amd64\api-ms-win-core-sysinfo-l1-1-0.dll
0x0000020dadc00000 - 0x0000020dadc03000 	C:\Users\STAR\.openjfx\cache\21.0.2+5\amd64\api-ms-win-core-timezone-l1-1-0.dll
0x0000020dadc10000 - 0x0000020dadc13000 	C:\Users\STAR\.openjfx\cache\21.0.2+5\amd64\api-ms-win-core-util-l1-1-0.dll
0x0000020dadc20000 - 0x0000020dadc23000 	C:\Users\STAR\.openjfx\cache\21.0.2+5\amd64\api-ms-win-crt-conio-l1-1-0.dll
0x0000020dadc30000 - 0x0000020dadc34000 	C:\Users\STAR\.openjfx\cache\21.0.2+5\amd64\api-ms-win-crt-convert-l1-1-0.dll
0x0000020dadc40000 - 0x0000020dadc43000 	C:\Users\STAR\.openjfx\cache\21.0.2+5\amd64\api-ms-win-crt-environment-l1-1-0.dll
0x0000020dadc50000 - 0x0000020dadc53000 	C:\Users\STAR\.openjfx\cache\21.0.2+5\amd64\api-ms-win-crt-filesystem-l1-1-0.dll
0x0000020dadc60000 - 0x0000020dadc63000 	C:\Users\STAR\.openjfx\cache\21.0.2+5\amd64\api-ms-win-crt-heap-l1-1-0.dll
0x0000020dadc70000 - 0x0000020dadc73000 	C:\Users\STAR\.openjfx\cache\21.0.2+5\amd64\api-ms-win-crt-locale-l1-1-0.dll
0x0000020dadc80000 - 0x0000020dadc85000 	C:\Users\STAR\.openjfx\cache\21.0.2+5\amd64\api-ms-win-crt-math-l1-1-0.dll
0x0000020dadc90000 - 0x0000020dadc95000 	C:\Users\STAR\.openjfx\cache\21.0.2+5\amd64\api-ms-win-crt-multibyte-l1-1-0.dll
0x0000020dadca0000 - 0x0000020dadcb0000 	C:\Users\STAR\.openjfx\cache\21.0.2+5\amd64\api-ms-win-crt-private-l1-1-0.dll
0x0000020dadcb0000 - 0x0000020dadcb3000 	C:\Users\STAR\.openjfx\cache\21.0.2+5\amd64\api-ms-win-crt-process-l1-1-0.dll
0x0000020dadcc0000 - 0x0000020dadcc4000 	C:\Users\STAR\.openjfx\cache\21.0.2+5\amd64\api-ms-win-crt-runtime-l1-1-0.dll
0x0000020dadcd0000 - 0x0000020dadcd4000 	C:\Users\STAR\.openjfx\cache\21.0.2+5\amd64\api-ms-win-crt-stdio-l1-1-0.dll
0x0000020dadce0000 - 0x0000020dadce4000 	C:\Users\STAR\.openjfx\cache\21.0.2+5\amd64\api-ms-win-crt-string-l1-1-0.dll
0x0000020dadcf0000 - 0x0000020dadcf3000 	C:\Users\STAR\.openjfx\cache\21.0.2+5\amd64\api-ms-win-crt-time-l1-1-0.dll
0x0000020dadd00000 - 0x0000020dadd03000 	C:\Users\STAR\.openjfx\cache\21.0.2+5\amd64\api-ms-win-crt-utility-l1-1-0.dll
0x00007fff0c850000 - 0x00007fff0c94c000 	C:\Users\STAR\.openjfx\cache\21.0.2+5\amd64\ucrtbase.dll
0x00007fff2ff40000 - 0x00007fff2ff5b000 	C:\Users\STAR\.openjfx\cache\21.0.2+5\amd64\vcruntime140.dll
0x00007fff2ffe0000 - 0x00007fff2ffec000 	C:\Users\STAR\.openjfx\cache\21.0.2+5\amd64\vcruntime140_1.dll
0x00007fff25830000 - 0x00007fff258be000 	C:\Users\STAR\.openjfx\cache\21.0.2+5\amd64\msvcp140.dll
0x00007fff2fea0000 - 0x00007fff2fea9000 	C:\Users\STAR\.openjfx\cache\21.0.2+5\amd64\msvcp140_1.dll
0x00007fff251f0000 - 0x00007fff25231000 	C:\Users\STAR\.openjfx\cache\21.0.2+5\amd64\msvcp140_2.dll
0x00007fff25b60000 - 0x00007fff25b90000 	C:\Users\STAR\.openjfx\cache\21.0.2+5\amd64\prism_d3d.dll
0x00007fff0c0f0000 - 0x00007fff0c2c1000 	C:\WINDOWS\system32\d3d9.dll
0x00007fff38830000 - 0x00007fff3885e000 	C:\WINDOWS\SYSTEM32\dwmapi.dll
0x00007fff38360000 - 0x00007fff383fe000 	C:\WINDOWS\system32\uxtheme.dll
0x00007ffee6760000 - 0x00007ffee690b000 	C:\WINDOWS\System32\DriverStore\FileRepository\iigd_dch.inf_amd64_9b41cef4891594fc\igdumdim64.dll
0x00007fff3b970000 - 0x00007fff3ba9b000 	C:\WINDOWS\System32\ole32.dll
0x00007ffe95e90000 - 0x00007ffe99b05000 	C:\WINDOWS\System32\DriverStore\FileRepository\iigd_dch.inf_amd64_9b41cef4891594fc\igd9dxva64.dll
0x00007fff3baa0000 - 0x00007fff3bf10000 	C:\WINDOWS\System32\SETUPAPI.dll
0x00007fff3b800000 - 0x00007fff3b84e000 	C:\WINDOWS\System32\cfgmgr32.dll
0x00007fff2c3b0000 - 0x00007fff2c799000 	C:\WINDOWS\System32\DriverStore\FileRepository\iigd_dch.inf_amd64_9b41cef4891594fc\igdgmm64.dll
0x00007fff251a0000 - 0x00007fff251e2000 	C:\Users\STAR\.openjfx\cache\21.0.2+5\amd64\glass.dll
0x00007fff3ce70000 - 0x00007fff3cf4a000 	C:\WINDOWS\System32\COMDLG32.dll
0x00007fff3c390000 - 0x00007fff3c4a5000 	C:\WINDOWS\System32\MSCTF.dll
0x00007fff356c0000 - 0x00007fff356e7000 	C:\WINDOWS\System32\DriverStore\FileRepository\iigd_dch.inf_amd64_9b41cef4891594fc\igdinfo64.dll
0x00007fff3a840000 - 0x00007fff3a858000 	C:\WINDOWS\SYSTEM32\CRYPTSP.dll
0x00007fff39f00000 - 0x00007fff39f38000 	C:\WINDOWS\system32\rsaenh.dll
0x00007fff3a860000 - 0x00007fff3a86c000 	C:\WINDOWS\SYSTEM32\CRYPTBASE.dll
0x00007fff28c70000 - 0x00007fff2c3a7000 	C:\WINDOWS\System32\DriverStore\FileRepository\iigd_dch.inf_amd64_9b41cef4891594fc\igc64.dll
0x00007fff2fd90000 - 0x00007fff2fdcb000 	C:\WINDOWS\SYSTEM32\dxcore.dll
0x00007fff2fe90000 - 0x00007fff2fe99000 	C:\Program Files\Eclipse Adoptium\jdk-17.0.18.8-hotspot\bin\extnet.dll
0x00007fff2fd20000 - 0x00007fff2fd2e000 	C:\Program Files\Eclipse Adoptium\jdk-17.0.18.8-hotspot\bin\sunmscapi.dll
0x00007fff3b6a0000 - 0x00007fff3b7fd000 	C:\WINDOWS\System32\CRYPT32.dll
0x00007fff3a960000 - 0x00007fff3a987000 	C:\WINDOWS\SYSTEM32\ncrypt.dll
0x00007fff3a920000 - 0x00007fff3a95b000 	C:\WINDOWS\SYSTEM32\NTASN1.dll
0x00007fff3adb0000 - 0x00007fff3adde000 	C:\WINDOWS\SYSTEM32\USERENV.dll
0x00007fff3a2e0000 - 0x00007fff3a31b000 	C:\WINDOWS\SYSTEM32\IPHLPAPI.DLL
0x00007fff3c0d0000 - 0x00007fff3c0d8000 	C:\WINDOWS\System32\NSI.dll
0x00007fff34a20000 - 0x00007fff34a37000 	C:\WINDOWS\SYSTEM32\dhcpcsvc6.DLL
0x00007fff35c80000 - 0x00007fff35c9d000 	C:\WINDOWS\SYSTEM32\dhcpcsvc.DLL
0x00007fff3a330000 - 0x00007fff3a3fa000 	C:\WINDOWS\SYSTEM32\DNSAPI.dll
0x00007fff25970000 - 0x00007fff25984000 	C:\Users\STAR\.openjfx\cache\21.0.2+5\amd64\javafx_font.dll
0x00007fff287b0000 - 0x00007fff28a2f000 	C:\WINDOWS\SYSTEM32\dwrite.dll
0x00007fff253c0000 - 0x00007fff253ed000 	C:\Users\STAR\.openjfx\cache\21.0.2+5\amd64\javafx_iio.dll
0x00007fff3b8b0000 - 0x00007fff3b959000 	C:\WINDOWS\System32\clbcatq.dll

dbghelp: loaded successfully - version: 4.0.5 - missing functions: none
symbol engine: initialized successfully - sym options: 0x614 - pdb path: .;C:\Program Files\Eclipse Adoptium\jdk-17.0.18.8-hotspot\bin;C:\WINDOWS\SYSTEM32;C:\WINDOWS\WinSxS\amd64_microsoft.windows.common-controls_6595b64144ccf1df_6.0.19041.6456_none_60b8a6cb71f64256;C:\Program Files\Eclipse Adoptium\jdk-17.0.18.8-hotspot\bin\server;C:\Users\STAR\.openjfx\cache\21.0.2+5\amd64;C:\WINDOWS\System32\DriverStore\FileRepository\iigd_dch.inf_amd64_9b41cef4891594fc;C:\Program Files\Common Files\Microsoft Shared\Ink;C:\Program Files\Bonjour

VM Arguments:
jvm_args: --module-path=C:\Users\STAR\.m2\repository\org\openjfx\javafx-base\21.0.2\javafx-base-21.0.2-win.jar;C:\Users\STAR\.m2\repository\org\openjfx\javafx-base\21.0.2\javafx-base-21.0.2.jar;C:\Users\STAR\.m2\repository\org\openjfx\javafx-controls\21.0.2\javafx-controls-21.0.2-win.jar;C:\Users\STAR\.m2\repository\org\openjfx\javafx-controls\21.0.2\javafx-controls-21.0.2.jar;C:\Users\STAR\.m2\repository\org\openjfx\javafx-fxml\21.0.2\javafx-fxml-21.0.2-win.jar;C:\Users\STAR\.m2\repository\org\openjfx\javafx-fxml\21.0.2\javafx-fxml-21.0.2.jar;C:\Users\STAR\.m2\repository\org\openjfx\javafx-graphics\21.0.2\javafx-graphics-21.0.2-win.jar;C:\Users\STAR\.m2\repository\org\openjfx\javafx-graphics\21.0.2\javafx-graphics-21.0.2.jar;C:\Users\STAR\.m2\repository\org\openjfx\javafx-swing\21.0.2\javafx-swing-21.0.2-win.jar;C:\Users\STAR\.m2\repository\org\openjfx\javafx-swing\21.0.2\javafx-swing-21.0.2.jar --add-modules=javafx.base,javafx.controls,javafx.fxml,javafx.graphics,javafx.swing 
java_command: rehla.MainFx
java_class_path (initial): C:\Users\STAR\Desktop\Esprit-PIDEV-3A26-2526-Rehla\target\classes;C:\Users\STAR\.m2\repository\com\beust\jcommander\1.82\jcommander-1.82.jar;C:\Users\STAR\.m2\repository\com\fasterxml\jackson\core\jackson-annotations\2.14.0\jackson-annotations-2.14.0.jar;C:\Users\STAR\.m2\repository\com\fasterxml\jackson\core\jackson-core\2.14.0\jackson-core-2.14.0.jar;C:\Users\STAR\.m2\repository\com\fasterxml\jackson\core\jackson-databind\2.14.0\jackson-databind-2.14.0.jar;C:\Users\STAR\.m2\repository\com\fasterxml\jackson\dataformat\jackson-dataformat-xml\2.14.0\jackson-dataformat-xml-2.14.0.jar;C:\Users\STAR\.m2\repository\com\fasterxml\jackson\datatype\jackson-datatype-jsr310\2.14.0\jackson-datatype-jsr310-2.14.0.jar;C:\Users\STAR\.m2\repository\com\fasterxml\woodstox\woodstox-core\6.4.0\woodstox-core-6.4.0.jar;C:\Users\STAR\.m2\repository\com\github\jai-imageio\jai-imageio-core\1.4.0\jai-imageio-core-1.4.0.jar;C:\Users\STAR\.m2\repository\com\github\sarxos\webcam-capture\0.3.12\webcam-capture-0.3.12.jar;C:\Users\STAR\.m2\repository\com\google\code\gson\gson\2.11.0\gson-2.11.0.jar;C:\Users\STAR\.m2\repository\com\google\errorprone\error_prone_annotations\2.27.0\error_prone_annotations-2.27.0.jar;C:\Users\STAR\.m2\repository\com\google\protobuf\protobuf-java\3.21.9\protobuf-java-3.21.9.jar;C:\Users\STAR\.m2\repository\com\google\zxing\core\3.5.1\core-3.5.1.jar;C:\Users\STAR\.m2\repository\com\google\zxing\javase\3.5.1\javase-3.5.1.jar;C:\Users\STAR\.m2\repository\com\itextpdf\barcodes\7.2.5\barcodes-7.2.5.jar;C:\Users\STAR\.m2\repository\com\itextpdf\commons\7.2.5\commons-7.2.5.jar;C:\Users\STAR\.m2\repository\com\itextpdf\font-asian\7.2.5\font-asian-7.2.5.jar;C:\Users\STAR\.m2\repository\com\itextpdf\forms\7.2.5\forms-7.2.5.jar;C:\Users\STAR\.m2\repository\com\itextpdf\hyph\7.2.5\hyph-7.2.5.jar;C:\Users\STAR\.m2\repository\com\itextpdf\io\7.2.5\io-7.2.5.jar;C:\Users\STAR\.m2\repository\com\itextpdf\kernel\7.2.5\kernel-7.2.5.jar;C:\Users\STAR\.m2\rep
Launcher Type: SUN_STANDARD

[Global flags]
     intx CICompilerCount                          = 4                                         {product} {ergonomic}
     uint ConcGCThreads                            = 2                                         {product} {ergonomic}
     uint G1ConcRefinementThreads                  = 8                                         {product} {ergonomic}
   size_t G1HeapRegionSize                         = 1048576                                   {product} {ergonomic}
    uintx GCDrainStackTargetSize                   = 64                                        {product} {ergonomic}
   size_t InitialHeapSize                          = 132120576                                 {product} {ergonomic}
   size_t MarkStackSize                            = 4194304                                   {product} {ergonomic}
   size_t MaxHeapSize                              = 2095054848                                {product} {ergonomic}
   size_t MaxNewSize                               = 1256194048                                {product} {ergonomic}
   size_t MinHeapDeltaBytes                        = 1048576                                   {product} {ergonomic}
   size_t MinHeapSize                              = 8388608                                   {product} {ergonomic}
    uintx NonNMethodCodeHeapSize                   = 5839372                                {pd product} {ergonomic}
    uintx NonProfiledCodeHeapSize                  = 122909434                              {pd product} {ergonomic}
    uintx ProfiledCodeHeapSize                     = 122909434                              {pd product} {ergonomic}
    uintx ReservedCodeCacheSize                    = 251658240                              {pd product} {ergonomic}
     bool SegmentedCodeCache                       = true                                      {product} {ergonomic}
   size_t SoftMaxHeapSize                          = 2095054848                             {manageable} {ergonomic}
     bool UseCompressedClassPointers               = true                           {product lp64_product} {ergonomic}
     bool UseCompressedOops                        = true                           {product lp64_product} {ergonomic}
     bool UseG1GC                                  = true                                      {product} {ergonomic}
     bool UseLargePagesIndividualAllocation        = false                                  {pd product} {ergonomic}

Logging:
Log output configuration:
 #0: stdout all=warning uptime,level,tags
 #1: stderr all=off uptime,level,tags

Environment Variables:
JAVA_HOME=C:\Program Files\Eclipse Adoptium\jdk-17.0.18.8-hotspot
PATH=C:\Program Files\Eclipse Adoptium\jdk-17.0.18.8-hotspot\bin;C:\Program Files\Eclipse Adoptium\jdk-21.0.8.9-hotspot\bin;c:\Users\STAR\AppData\Local\Programs\cursor\resources\app\bin;C:\Program Files\Google\Chrome\Application;C:\oraclexe\app\oracle\product\11.2.0\server\bin;;C:\WINDOWS\system32;C:\WINDOWS;C:\WINDOWS\System32\Wbem;C:\WINDOWS\System32\WindowsPowerShell\v1.0\;C:\WINDOWS\System32\OpenSSH\;C:\Program Files\Git\cmd;C:\Program Files\dotnet\;C:\Program Files (x86)\NVIDIA Corporation\PhysX\Common;C:\Program Files\NVIDIA Corporation\NVIDIA NvDLISR;C:\Program Files\Calibre2\;C:\Users\STAR\AppData\Local\Programs\Python\Python313\;C:\Users\STAR\AppData\Local\Programs\Python\Launcher\;C:\Users\STAR\AppData\Local\Programs\Python\Python313\Scripts\;C:\Users\STAR\AppData\Local\Microsoft\WindowsApps;C:\Users\STAR\AppData\Local\GitHubDesktop\bin;C:\Users\STAR\AppData\Local\Programs\Windsurf\bin;c:\Users\STAR\AppData\Local\Programs\cursor\resources\app\bin;C:\Program Files\MySQL\MySQL Shell 8.0\bin\;C:\composer;C:\xampp\php;C:\Users\STAR\AppData\Local\Microsoft\WindowsApps;C:\Users\STAR\AppData\Local\Programs\Microsoft VS Code\bin;C:\Users\STAR\AppData\Local\GitHubDesktop\bin;C:\Program Files\JetBrains\IntelliJ IDEA 2025.2.2\bin;C:\Users\STAR\AppData\Local\Programs\Windsurf\bin
USERNAME=STAR
OS=Windows_NT
PROCESSOR_IDENTIFIER=Intel64 Family 6 Model 140 Stepping 1, GenuineIntel
TMP=C:\Users\STAR\AppData\Local\Temp
TEMP=C:\Users\STAR\AppData\Local\Temp



Periodic native trim disabled


---------------  S Y S T E M  ---------------

OS:
 Windows 10 , 64 bit Build 19041 (10.0.19041.5915)
OS uptime: 0 days 20:30 hours

CPU: total 8 (initial active 8) (4 cores per cpu, 2 threads per core) family 6 model 140 stepping 1 microcode 0x9a, cx8, cmov, fxsr, ht, mmx, 3dnowpref, sse, sse2, sse3, ssse3, sse4.1, sse4.2, popcnt, lzcnt, tsc, tscinvbit, avx, avx2, aes, erms, clmul, bmi1, bmi2, adx, avx512f, avx512dq, avx512cd, avx512bw, avx512vl, sha, fma, vzeroupper, avx512_vpopcntdq, avx512_vpclmulqdq, avx512_vaes, avx512_vnni, clflush, clflushopt, clwb, avx512_vbmi2, avx512_vbmi
Processor Information for processor 0
  Max Mhz: 2419, Current Mhz: 2419, Mhz Limit: 2419
Processor Information for processor 1
  Max Mhz: 2419, Current Mhz: 1411, Mhz Limit: 2419
Processor Information for processor 2
  Max Mhz: 2419, Current Mhz: 2419, Mhz Limit: 2419
Processor Information for processor 3
  Max Mhz: 2419, Current Mhz: 1411, Mhz Limit: 2419
Processor Information for processor 4
  Max Mhz: 2419, Current Mhz: 2419, Mhz Limit: 2419
Processor Information for processor 5
  Max Mhz: 2419, Current Mhz: 1411, Mhz Limit: 2419
Processor Information for processor 6
  Max Mhz: 2419, Current Mhz: 2419, Mhz Limit: 2419
Processor Information for processor 7
  Max Mhz: 2419, Current Mhz: 1411, Mhz Limit: 2419

Memory: 4k page, system-wide physical 7991M (434M free)
TotalPageFile size 31991M (AvailPageFile size 4M)
current process WorkingSet (physical memory assigned to process): 703M, peak: 737M
current process commit charge ("private bytes"): 941M, peak: 944M

vm_info: OpenJDK 64-Bit Server VM (17.0.18+8) for windows-amd64 JRE (17.0.18+8), built on Jan 20 2026 22:28:22 by "admin" with MS VC++ 17.12 (VS2022)

END.
